Time,Device ID,Stage,Battery Voltage,Error Code

4:00,-1,15,3.5,001
4:00,-1,15,3.5,001
4:00,-1,15,3.5,001
4:00,-1,15,3.5,001
4:00,-1,15,3.5,001
4:00,-1,15
4:00,-1,15
"August 2, 2018 at 05:09PM",doctor_hamster,0
"August 2, 2018 at 05:12PM",doctor_hamster,0
"August 2, 2018 at 05:17PM",doctor_hamster,0
"August 2, 2018 at 05:23PM",doctor_hamster,0
"August 2, 2018 at 05:28PM",doctor_hamster,0
"August 2, 2018 at 05:33PM",doctor_hamster,0
"August 2, 2018 at 05:38PM",doctor_hamster,0
"August 2, 2018 at 05:43PM",doctor_hamster,0
"August 2, 2018 at 05:49PM",doctor_hamster,0
"August 2, 2018 at 05:54PM",doctor_hamster,0
"August 2, 2018 at 05:59PM",doctor_hamster,0
"August 2, 2018 at 06:04PM",doctor_hamster,0
"August 2, 2018 at 06:09PM",doctor_hamster,0
"August 2, 2018 at 06:15PM",doctor_hamster,0
"August 2, 2018 at 06:20PM",doctor_hamster,0
"August 2, 2018 at 06:25PM",doctor_hamster,0
"August 2, 2018 at 06:30PM",doctor_hamster,0
"August 2, 2018 at 06:36PM",doctor_hamster,0
"August 2, 2018 at 06:41PM",doctor_hamster,0
"August 2, 2018 at 06:46PM",doctor_hamster,0
"August 2, 2018 at 06:52PM",doctor_hamster,0
"August 2, 2018 at 06:57PM",doctor_hamster,0
"August 2, 2018 at 07:02PM",doctor_hamster,0
"August 2, 2018 at 07:08PM",doctor_hamster,0
"August 2, 2018 at 07:13PM",doctor_hamster,0
"August 2, 2018 at 07:23PM",doctor_hamster,0
"August 2, 2018 at 07:29PM",doctor_hamster,0
"August 2, 2018 at 07:34PM",doctor_hamster,0
"August 2, 2018 at 07:39PM",doctor_hamster,0
"August 2, 2018 at 07:44PM",doctor_hamster,0
"August 2, 2018 at 07:50PM",doctor_hamster,0
"August 2, 2018 at 07:55PM",doctor_hamster,0
"August 2, 2018 at 08:00PM",doctor_hamster,0
"August 2, 2018 at 08:05PM",doctor_hamster,0
"August 2, 2018 at 08:10PM",doctor_hamster,0
"August 2, 2018 at 08:16PM",doctor_hamster,0
"August 2, 2018 at 08:21PM",doctor_hamster,0
"August 2, 2018 at 08:26PM",doctor_hamster,0
"August 2, 2018 at 08:31PM",doctor_hamster,0
"August 2, 2018 at 08:37PM",doctor_hamster,0
"August 2, 2018 at 08:42PM",doctor_hamster,0
"August 2, 2018 at 08:47PM",doctor_hamster,0
"August 2, 2018 at 08:52PM",doctor_hamster,0
"August 2, 2018 at 08:58PM",doctor_hamster,0
"August 2, 2018 at 09:03PM",doctor_hamster,0
"August 2, 2018 at 09:08PM",doctor_hamster,0
"August 2, 2018 at 09:14PM",doctor_hamster,0
"August 2, 2018 at 09:19PM",doctor_hamster,0
"August 2, 2018 at 09:24PM",doctor_hamster,0
"August 2, 2018 at 09:29PM",doctor_hamster,0
"August 2, 2018 at 09:35PM",doctor_hamster,0
"August 2, 2018 at 09:40PM",doctor_hamster,0
"August 2, 2018 at 09:45PM",doctor_hamster,0
"August 2, 2018 at 09",51PMdoctor_hamster0
"August 2, 2018 at 09",56PMdoctor_hamster0
"August 2, 2018 at 10",01PMdoctor_hamster0
"August 2, 2018 at 10",03PM,doctor_hamster,0,
"August 2, 2018 at 10",04PM,doctor_hamster,0,20.014664,000,
"August 2, 2018 at 10",06PM,doctor_hamster,0,20.014664,000,
"August 2, 2018 at 10",09PM,doctor_hamster,0,20.014664,000,
"August 2, 2018 at 10",14PM,doctor_hamster,0@20.014664@000,
"August 2, 2018 at 10:16PM",doctor_hamster,0,20.014664,000,
"August 2, 2018 at 10:21PM",doctor_hamster,0,4095.000000,000,
"August 2, 2018 at 10:21PM",doctor_hamster,0,4095.000000,000,
"August 2, 2018 at 10:27PM",doctor_hamster,0,4095.000000,000,
"August 2, 2018 at 10:27PM",doctor_hamster,0,4095.000000,000,
"August 2, 2018 at 10:31PM",doctor_hamster,0,4095.000000,000,
"August 2, 2018 at 10:37PM",doctor_hamster,0,3.300000,000,
"August 2, 2018 at 10:42PM",doctor_hamster,0,3.300000,000,
"August 2, 2018 at 10:47PM",doctor_hamster,0,3.300000,000,
"August 2, 2018 at 10:53PM",doctor_hamster,0,3.300000,000,
"August 2, 2018 at 10:58PM",doctor_hamster,0,3.300000,000,
"August 2, 2018 at 11:03PM",doctor_hamster,0,3.300000,000,
"August 2, 2018 at 11:08PM",doctor_hamster,0,3.300000,000,
"August 2, 2018 at 11:13PM",doctor_hamster,0,3.300000,000,
"August 2, 2018 at 11:19PM",doctor_hamster,0,3.300000,000,
"August 2, 2018 at 11:24PM",doctor_hamster,0,3.300000,000,
"August 2, 2018 at 11:29PM",doctor_hamster,0,3.300000,000,
"August 2, 2018 at 11:34PM",doctor_hamster,0,3.300000,000,
"August 2, 2018 at 11:39PM",doctor_hamster,0,3.300000,000,
"August 2, 2018 at 11:45PM",doctor_hamster,0,3.300000,000,
"August 2, 2018 at 11:50PM",doctor_hamster,0,3.300000,000,
"August 2, 2018 at 11:55PM",doctor_hamster,0,3.300000,000,
"August 3, 2018 at 12:00AM",doctor_hamster,0,3.300000,000,
"August 3, 2018 at 12:05AM",doctor_hamster,0,3.300000,000,
"August 3, 2018 at 12:11AM",doctor_hamster,0,3.300000,000,
"August 3, 2018 at 12:16AM",doctor_hamster,0,3.300000,000,
"August 3, 2018 at 12:21AM",doctor_hamster,0,3.300000,000,
"August 3, 2018 at 12:26AM",doctor_hamster,0,3.300000,000,
"August 3, 2018 at 12:32AM",doctor_hamster,0,3.300000,000,
"August 3, 2018 at 12:37AM",doctor_hamster,0,3.300000,000,
"August 3, 2018 at 12:42AM",doctor_hamster,0,3.300000,000,
"August 3, 2018 at 12:47AM",doctor_hamster,0,3.300000,000,
"August 3, 2018 at 12:53AM",doctor_hamster,0,3.300000,000,
"August 3, 2018 at 12:58AM",doctor_hamster,0,3.300000,000,
"August 3, 2018 at 01:03AM",doctor_hamster,0,3.300000,000,
"August 3, 2018 at 01:09AM",doctor_hamster,0,3.300000,000,
"August 3, 2018 at 01:14AM",doctor_hamster,0,3.300000,000,
"August 3, 2018 at 01:19AM",doctor_hamster,0,3.300000,000,
"August 3, 2018 at 01:25AM",doctor_hamster,0,3.300000,000,
"August 3, 2018 at 01:30AM",doctor_hamster,0,3.300000,000,
"August 3, 2018 at 01:35AM",doctor_hamster,0,3.300000,000,
"August 3, 2018 at 01:40AM",doctor_hamster,0,3.300000,000,
"August 3, 2018 at 01:46AM",doctor_hamster,0,3.300000,000,
"August 3, 2018 at 01:51AM",doctor_hamster,0,3.300000,000,
"August 3, 2018 at 01:56AM",doctor_hamster,0,3.300000,000,
"August 3, 2018 at 02:01AM",doctor_hamster,0,3.300000,000,
"August 3, 2018 at 02:06AM",doctor_hamster,0,3.300000,000,
"August 3, 2018 at 02:12AM",doctor_hamster,0,3.300000,000,
"August 3, 2018 at 02:17AM",doctor_hamster,0,3.300000,000,
"August 3, 2018 at 02:22AM",doctor_hamster,0,3.300000,000,
"August 3, 2018 at 02:27AM",doctor_hamster,0,3.300000,000,
"August 3, 2018 at 02:33AM",doctor_hamster,0,3.300000,000,
"August 3, 2018 at 02:38AM",doctor_hamster,0,3.300000,000,
"August 3, 2018 at 02:43AM",doctor_hamster,0,3.300000,000,
"August 3, 2018 at 02:48AM",doctor_hamster,0,3.300000,000,
"August 3, 2018 at 02:54AM",doctor_hamster,0,3.300000,000,
"August 3, 2018 at 03:04AM",doctor_hamster,0,3.300000,000,
"August 3, 2018 at 03:10AM",doctor_hamster,0,3.300000,000,
"August 3, 2018 at 03:15AM",doctor_hamster,0,3.300000,000,
"August 3, 2018 at 03:20AM",doctor_hamster,0,3.300000,000,
"August 3, 2018 at 03:26AM",doctor_hamster,0,3.300000,000,
"August 3, 2018 at 03:31AM",doctor_hamster,0,3.300000,000,
"August 3, 2018 at 03:36AM",doctor_hamster,0,3.300000,000,
"August 3, 2018 at 03:42AM",doctor_hamster,0,3.300000,000,
"August 3, 2018 at 03:47AM",doctor_hamster,0,3.300000,000,
"August 3, 2018 at 03:52AM",doctor_hamster,0,3.300000,000,
"August 3, 2018 at 03:57AM",doctor_hamster,0,3.300000,000,
"August 3, 2018 at 04:02AM",doctor_hamster,0,3.300000,000,
"August 3, 2018 at 04:08AM",doctor_hamster,0,3.300000,000,
"August 3, 2018 at 04:13AM",doctor_hamster,0,3.300000,000,
"August 3, 2018 at 04:18AM",doctor_hamster,0,3.300000,000,
"August 3, 2018 at 04:24AM",doctor_hamster,0,3.300000,000,
"August 3, 2018 at 04:29AM",doctor_hamster,0,3.300000,000,
"August 3, 2018 at 04:34AM",doctor_hamster,0,3.300000,000,
"August 3, 2018 at 04:40AM",doctor_hamster,0,3.300000,000,
"August 3, 2018 at 04:45AM",doctor_hamster,0,3.300000,000,
"August 3, 2018 at 04:50AM",doctor_hamster,0,3.300000,000,
"August 3, 2018 at 04:55AM",doctor_hamster,0,3.300000,000,
"August 3, 2018 at 05:01AM",doctor_hamster,0,3.300000,000,
"August 3, 2018 at 05:06AM",doctor_hamster,0,3.300000,000,
"August 3, 2018 at 05:11AM",doctor_hamster,0,3.300000,000,
"August 3, 2018 at 05:16AM",doctor_hamster,0,3.300000,000,
"August 3, 2018 at 05:21AM",doctor_hamster,0,3.300000,000,
"August 3, 2018 at 05:27AM",doctor_hamster,0,3.300000,000,
"August 3, 2018 at 05:32AM",doctor_hamster,0,3.300000,000,
"August 3, 2018 at 05:37AM",doctor_hamster,0,3.300000,000,
"August 3, 2018 at 05:42AM",doctor_hamster,0,3.300000,000,
"August 3, 2018 at 05:47AM",doctor_hamster,0,3.300000,000,
"August 3, 2018 at 05:53AM",doctor_hamster,0,3.300000,000,
"August 3, 2018 at 05:58AM",doctor_hamster,0,3.300000,000,
"August 3, 2018 at 06:03AM",doctor_hamster,0,3.300000,000,
"August 3, 2018 at 06:08AM",doctor_hamster,0,3.300000,000,
"August 3, 2018 at 06:13AM",doctor_hamster,0,3.300000,000,
"August 3, 2018 at 06:19AM",doctor_hamster,0,3.300000,000,
"August 3, 2018 at 06:24AM",doctor_hamster,0,3.300000,000,
"August 3, 2018 at 06:29AM",doctor_hamster,0,3.300000,000,
"August 3, 2018 at 06:34AM",doctor_hamster,0,3.300000,000,
"August 3, 2018 at 06:40AM",doctor_hamster,0,3.300000,000,
"August 3, 2018 at 06:45AM",doctor_hamster,0,3.300000,000,
"August 3, 2018 at 06:50AM",doctor_hamster,0,3.300000,000,
"August 3, 2018 at 06:55AM",doctor_hamster,0,3.300000,000,
"August 3, 2018 at 07:00AM",doctor_hamster,0,3.300000,000,
"August 3, 2018 at 07:06AM",doctor_hamster,0,3.300000,000,
"August 3, 2018 at 07:11AM",doctor_hamster,0,3.300000,000,
"August 3, 2018 at 07:16AM",doctor_hamster,0,3.300000,000,
"August 3, 2018 at 07:21AM",doctor_hamster,0,3.300000,000,
"August 3, 2018 at 07:27AM",doctor_hamster,0,3.300000,000,
"August 3, 2018 at 07:32AM",doctor_hamster,0,3.300000,000,
"August 3, 2018 at 07:37AM",doctor_hamster,0,3.300000,000,
"August 3, 2018 at 07:42AM",doctor_hamster,0,3.300000,000,
"August 3, 2018 at 07:47AM",doctor_hamster,0,3.300000,000,
"August 3, 2018 at 07:53AM",doctor_hamster,0,3.300000,000,
"August 3, 2018 at 07:58AM",doctor_hamster,0,3.300000,000,
"August 3, 2018 at 08:03AM",doctor_hamster,0,3.300000,000,
"August 3, 2018 at 08:08AM",doctor_hamster,0,3.300000,000,
"August 3, 2018 at 08:13AM",doctor_hamster,0,3.300000,000,
"August 3, 2018 at 08:19AM",doctor_hamster,0,3.300000,000,
"August 3, 2018 at 08:24AM",doctor_hamster,0,3.300000,000,
"August 3, 2018 at 08:29AM",doctor_hamster,0,3.300000,000,
"August 3, 2018 at 08:34AM",doctor_hamster,0,3.300000,000,
"August 3, 2018 at 08:39AM",doctor_hamster,0,3.300000,000,
"August 3, 2018 at 08:45AM",doctor_hamster,0,3.300000,000,
"August 3, 2018 at 08:50AM",doctor_hamster,0,3.300000,000,
"August 3, 2018 at 08:55AM",doctor_hamster,0,3.300000,000,
"August 3, 2018 at 09:00AM",doctor_hamster,0,3.300000,000,
"August 3, 2018 at 09:06AM",doctor_hamster,0,3.300000,000,
"August 3, 2018 at 09:11AM",doctor_hamster,0,3.300000,000,
"August 3, 2018 at 09:16AM",doctor_hamster,0,3.300000,000,
"August 3, 2018 at 09:22AM",doctor_hamster,0,3.300000,000,
"August 3, 2018 at 09:27AM",doctor_hamster,0,3.300000,000,
"August 3, 2018 at 09:32AM",doctor_hamster,0,3.300000,000,
"August 3, 2018 at 09:37AM",doctor_hamster,0,3.300000,000,
"August 3, 2018 at 09:42AM",doctor_hamster,0,3.300000,000,
"August 3, 2018 at 09:48AM",doctor_hamster,0,3.300000,000,
"August 3, 2018 at 09:53AM",doctor_hamster,0,3.300000,000,
"August 3, 2018 at 09:58AM",doctor_hamster,0,3.300000,000,
"August 3, 2018 at 10:03AM",doctor_hamster,0,3.300000,000,
"August 3, 2018 at 10:09AM",doctor_hamster,0,3.300000,000,
"August 3, 2018 at 10:14AM",doctor_hamster,0,3.300000,000,
"August 3, 2018 at 10:19AM",doctor_hamster,0,3.300000,000,
"August 3, 2018 at 10:25AM",doctor_hamster,0,3.300000,000,
"August 3, 2018 at 10:30AM",doctor_hamster,0,3.300000,000,
"August 3, 2018 at 10:35AM",doctor_hamster,0,3.300000,000,
"August 3, 2018 at 10:40AM",doctor_hamster,0,3.300000,000,
"August 3, 2018 at 10:46AM",doctor_hamster,0,3.300000,000,
"August 3, 2018 at 10:51AM",doctor_hamster,0,3.300000,000,
"August 3, 2018 at 10:56AM",doctor_hamster,0,3.300000,000,
"August 3, 2018 at 11:01AM",doctor_hamster,0,3.300000,000,
"August 3, 2018 at 11:07AM",doctor_hamster,0,3.300000,000,
"August 3, 2018 at 11:12AM",doctor_hamster,0,3.300000,000,
"August 3, 2018 at 11:17AM",doctor_hamster,0,3.300000,000,
"August 3, 2018 at 11:22AM",doctor_hamster,0,3.300000,000,
"August 3, 2018 at 11:28AM",doctor_hamster,0,3.300000,000,
"August 3, 2018 at 11:33AM",doctor_hamster,0,3.300000,000,
"August 3, 2018 at 11:38AM",doctor_hamster,0,3.300000,000,
"August 3, 2018 at 11:43AM",doctor_hamster,0,3.300000,000,
"August 3, 2018 at 11:48AM",doctor_hamster,0,3.300000,000,
"August 3, 2018 at 11:54AM",doctor_hamster,0,3.300000,000,
"August 3, 2018 at 11:59AM",doctor_hamster,0,3.300000,000,
"August 3, 2018 at 12:04PM",doctor_hamster,0,3.300000,000,
"August 3, 2018 at 12:09PM",doctor_hamster,0,3.300000,000,
"August 3, 2018 at 12:14PM",doctor_hamster,0,3.300000,000,
"August 3, 2018 at 12:20PM",doctor_hamster,0,3.300000,000,
"August 3, 2018 at 12:25PM",doctor_hamster,0,3.300000,000,
"August 3, 2018 at 12:30PM",doctor_hamster,0,3.300000,000,
"August 3, 2018 at 12:36PM",doctor_hamster,0,3.300000,000,
"August 3, 2018 at 12:41PM",doctor_hamster,0,3.300000,000,
"August 3, 2018 at 12:46PM",doctor_hamster,0,3.300000,000,
"August 3, 2018 at 12:51PM",doctor_hamster,0,3.300000,000,
"August 3, 2018 at 12:57PM",doctor_hamster,0,3.300000,000,
"August 3, 2018 at 01:02PM",doctor_hamster,0,3.300000,000,
"August 3, 2018 at 01:07PM",doctor_hamster,0,3.300000,000,
"August 3, 2018 at 01:12PM",doctor_hamster,0,3.300000,000,
"August 3, 2018 at 01:17PM",doctor_hamster,0,3.300000,000,
"August 3, 2018 at 01:23PM",doctor_hamster,0,3.300000,000,
"August 3, 2018 at 01:28PM",doctor_hamster,0,3.300000,000,
"August 3, 2018 at 01:34PM",doctor_hamster,0,3.300000,000,
"August 3, 2018 at 01:39PM",doctor_hamster,0,3.300000,000,
"August 3, 2018 at 01:44PM",doctor_hamster,0,3.300000,000,
"August 3, 2018 at 01:49PM",doctor_hamster,0,3.300000,000,
"August 3, 2018 at 01:55PM",doctor_hamster,0,3.300000,000,
"August 3, 2018 at 02:00PM",doctor_hamster,0,3.300000,000,
"August 3, 2018 at 02:05PM",doctor_hamster,0,3.300000,000,
"August 3, 2018 at 02:11PM",doctor_hamster,0,3.300000,000,
"August 3, 2018 at 02:16PM",doctor_hamster,0,3.300000,000,
"August 3, 2018 at 02:21PM",doctor_hamster,0,3.300000,000,
"August 3, 2018 at 02:26PM",doctor_hamster,0,3.300000,000,
"August 3, 2018 at 02:32PM",doctor_hamster,0,3.300000,000,
"August 3, 2018 at 02:37PM",doctor_hamster,0,3.300000,000,
"August 3, 2018 at 02:42PM",doctor_hamster,0,3.300000,000,
"August 3, 2018 at 02:48PM",doctor_hamster,0,3.300000,000,
"August 3, 2018 at 02:53PM",doctor_hamster,0,3.300000,000,
"August 3, 2018 at 02:58PM",doctor_hamster,0,3.300000,000,
"August 3, 2018 at 03:08PM",doctor_hamster,0,3.300000,000,
"August 3, 2018 at 03:14PM",doctor_hamster,0,3.300000,000,
"August 3, 2018 at 03:19PM",doctor_hamster,0,3.300000,000,
"August 3, 2018 at 03:24PM",doctor_hamster,0,3.300000,000,
"August 3, 2018 at 03:30PM",doctor_hamster,0,3.300000,000,
"August 3, 2018 at 03:35PM",doctor_hamster,0,3.300000,000,
"August 3, 2018 at 03:40PM",doctor_hamster,0,3.300000,000,
"August 3, 2018 at 03:45PM",doctor_hamster,0,3.300000,000,
"August 3, 2018 at 03:50PM",doctor_hamster,0,3.300000,000,
"August 3, 2018 at 03:56PM",doctor_hamster,0,3.300000,000,
"August 3, 2018 at 04:01PM",doctor_hamster,0,3.300000,000,
"August 3, 2018 at 04:06PM",doctor_hamster,0,3.300000,000,
"August 3, 2018 at 04:12PM",doctor_hamster,0,3.300000,000,
"August 3, 2018 at 04:17PM",doctor_hamster,0,3.300000,000,
"August 3, 2018 at 04:22PM",doctor_hamster,0,3.300000,000,
"August 3, 2018 at 04:27PM",doctor_hamster,0,3.300000,000,
"August 3, 2018 at 04:33PM",doctor_hamster,0,3.300000,000,
"August 3, 2018 at 04:38PM",doctor_hamster,0,3.300000,000,
"August 3, 2018 at 04:43PM",doctor_hamster,0,3.300000,000,
"August 3, 2018 at 04:48PM",doctor_hamster,0,3.300000,000,
"August 3, 2018 at 04:54PM",doctor_hamster,0,3.300000,000,
"August 3, 2018 at 04:59PM",doctor_hamster,0,3.300000,000,
"August 3, 2018 at 05:04PM",doctor_hamster,0,3.300000,000,
"August 3, 2018 at 05:09PM",doctor_hamster,0,3.300000,000,
"August 3, 2018 at 05:14PM",doctor_hamster,0,3.300000,000,
"August 3, 2018 at 05:20PM",doctor_hamster,0,3.300000,000,
"August 3, 2018 at 05:25PM",doctor_hamster,0,3.300000,000,
"August 3, 2018 at 05:30PM",doctor_hamster,0,3.300000,000,
"August 3, 2018 at 05:35PM",doctor_hamster,0,3.300000,000,
"August 3, 2018 at 05:41PM",doctor_hamster,0,3.300000,000,
"August 3, 2018 at 05:46PM",doctor_hamster,0,3.300000,000,
"August 3, 2018 at 05:51PM",doctor_hamster,0,3.300000,000,
"August 3, 2018 at 05:57PM",doctor_hamster,0,3.300000,000,
"August 3, 2018 at 06:02PM",doctor_hamster,0,3.300000,000,
"August 3, 2018 at 06:07PM",doctor_hamster,0,3.300000,000,
"August 3, 2018 at 06:12PM",doctor_hamster,0,3.300000,000,
"August 3, 2018 at 06:17PM",doctor_hamster,0,3.300000,000,
"August 3, 2018 at 06:23PM",doctor_hamster,0,3.300000,000,
"August 3, 2018 at 06:28PM",doctor_hamster,0,3.300000,000,
"August 3, 2018 at 06:33PM",doctor_hamster,0,3.300000,000,
"August 3, 2018 at 06:38PM",doctor_hamster,0,3.300000,000,
"August 3, 2018 at 06:43PM",doctor_hamster,0,3.300000,000,
"August 3, 2018 at 06:49PM",doctor_hamster,0,3.300000,000,
"August 3, 2018 at 06:54PM",doctor_hamster,0,3.300000,000,
"August 3, 2018 at 06:59PM",doctor_hamster,0,3.300000,000,
"August 3, 2018 at 07:04PM",doctor_hamster,0,3.300000,000,
"August 3, 2018 at 07:10PM",doctor_hamster,0,3.300000,000,
"August 3, 2018 at 07:15PM",doctor_hamster,0,3.300000,000,
"August 3, 2018 at 07:20PM",doctor_hamster,0,3.300000,000,
"August 3, 2018 at 07:31PM",doctor_hamster,0,3.300000,000,
"August 3, 2018 at 07:36PM",doctor_hamster,0,3.300000,000,
"August 3, 2018 at 07:41PM",doctor_hamster,0,3.300000,000,
"August 3, 2018 at 07:47PM",doctor_hamster,0,3.300000,000,
"August 3, 2018 at 07:52PM",doctor_hamster,1,3.300000,000,
"August 3, 2018 at 07:53PM",doctor_hamster,756,3.300000,000,
"August 3, 2018 at 07:58PM",doctor_hamster,0,3.300000,000,
"August 3, 2018 at 08:04PM",doctor_hamster,0,3.300000,000,
"August 3, 2018 at 08:09PM",doctor_hamster,0,3.300000,000,
"August 3, 2018 at 08:14PM",doctor_hamster,0,3.300000,000,
"August 3, 2018 at 08:19PM",doctor_hamster,0,3.300000,000,
"August 3, 2018 at 08:25PM",doctor_hamster,0,3.300000,000,
"August 3, 2018 at 08:30PM",doctor_hamster,0,3.300000,000,
"August 3, 2018 at 08:35PM",doctor_hamster,0,3.300000,000,
"August 3, 2018 at 08:40PM",doctor_hamster,0,3.300000,000,
"August 3, 2018 at 08:45PM",doctor_hamster,0,3.300000,000,
"August 3, 2018 at 08:51PM",doctor_hamster,0,3.300000,000,
"August 3, 2018 at 08:56PM",doctor_hamster,0,3.300000,000,
"August 3, 2018 at 09:01PM",doctor_hamster,0,3.300000,000,
"August 3, 2018 at 09:06PM",doctor_hamster,0,3.300000,000,
"August 3, 2018 at 09:11PM",doctor_hamster,0,3.300000,000,
"August 3, 2018 at 09:17PM",doctor_hamster,0,3.300000,000,
"August 3, 2018 at 09:22PM",doctor_hamster,0,3.300000,000,
"August 3, 2018 at 09:27PM",doctor_hamster,0,3.300000,000,
"August 3, 2018 at 09:32PM",doctor_hamster,0,3.300000,000,
"August 3, 2018 at 09:38PM",doctor_hamster,0,3.300000,000,
"August 3, 2018 at 09:43PM",doctor_hamster,0,3.300000,000,
"August 3, 2018 at 09:48PM",doctor_hamster,0,3.300000,000,
"August 3, 2018 at 09:53PM",doctor_hamster,0,3.300000,000,
"August 3, 2018 at 09:59PM",doctor_hamster,0,3.300000,000,
"August 3, 2018 at 10:04PM",doctor_hamster,0,3.300000,000,
"August 3, 2018 at 10:09PM",doctor_hamster,0,3.300000,000,
"August 3, 2018 at 10:14PM",doctor_hamster,0,3.300000,000,
"August 3, 2018 at 10:20PM",doctor_hamster,0,3.300000,000,
"August 3, 2018 at 10:25PM",doctor_hamster,0,3.300000,000,
"August 3, 2018 at 10:30PM",doctor_hamster,0,3.300000,000,
"August 3, 2018 at 10:36PM",doctor_hamster,0,3.300000,000,
"August 3, 2018 at 10:41PM",doctor_hamster,0,3.300000,000,
"August 3, 2018 at 10:46PM",doctor_hamster,0,3.300000,000,
"August 3, 2018 at 10:51PM",doctor_hamster,0,3.300000,000,
"August 3, 2018 at 10:56PM",doctor_hamster,0,3.300000,000,
"August 3, 2018 at 11:02PM",doctor_hamster,0,3.300000,000,
"August 3, 2018 at 11:07PM",doctor_hamster,0,3.300000,000,
"August 3, 2018 at 11:12PM",doctor_hamster,0,3.300000,000,
"August 3, 2018 at 11:17PM",doctor_hamster,0,3.300000,000,
"August 3, 2018 at 11:22PM",doctor_hamster,0,3.300000,000,
"August 3, 2018 at 11:28PM",doctor_hamster,0,3.300000,000,
"August 3, 2018 at 11:33PM",doctor_hamster,0,3.300000,000,
"August 3, 2018 at 11:38PM",doctor_hamster,0,3.300000,000,
"August 3, 2018 at 11:43PM",doctor_hamster,0,3.300000,000,
"August 3, 2018 at 11:49PM",doctor_hamster,0,3.300000,000,
"August 3, 2018 at 11:54PM",doctor_hamster,0,3.300000,000,
"August 3, 2018 at 11:59PM",doctor_hamster,0,3.300000,000,
"August 4, 2018 at 12:04AM",doctor_hamster,0,3.300000,000,
"August 4, 2018 at 12:09AM",doctor_hamster,0,3.300000,000,
"August 4, 2018 at 12:15AM",doctor_hamster,0,3.300000,000,
"August 4, 2018 at 12:20AM",doctor_hamster,0,3.300000,000,
"August 4, 2018 at 12:25AM",doctor_hamster,0,3.300000,000,
"August 4, 2018 at 12:30AM",doctor_hamster,0,3.300000,000,
"August 4, 2018 at 12:36AM",doctor_hamster,0,3.300000,000,
"August 4, 2018 at 12:41AM",doctor_hamster,0,3.300000,000,
"August 4, 2018 at 12:46AM",doctor_hamster,0,3.300000,000,
"August 4, 2018 at 12:51AM",doctor_hamster,0,3.300000,000,
"August 4, 2018 at 12:56AM",doctor_hamster,0,3.300000,000,
"August 4, 2018 at 01:02AM",doctor_hamster,0,3.300000,000,
"August 4, 2018 at 01:07AM",doctor_hamster,0,3.300000,000,
"August 4, 2018 at 01:12AM",doctor_hamster,0,3.300000,000,
"August 4, 2018 at 01:17AM",doctor_hamster,0,3.300000,000,
"August 4, 2018 at 01:22AM",doctor_hamster,0,3.300000,000,
"August 4, 2018 at 01:28AM",doctor_hamster,0,3.300000,000,
"August 4, 2018 at 01:33AM",doctor_hamster,0,3.300000,000,
"August 4, 2018 at 01:38AM",doctor_hamster,0,3.300000,000,
"August 4, 2018 at 01:43AM",doctor_hamster,0,3.300000,000,
"August 4, 2018 at 01:48AM",doctor_hamster,0,3.300000,000,
"August 4, 2018 at 01:54AM",doctor_hamster,0,3.300000,000,
"August 4, 2018 at 01:59AM",doctor_hamster,0,3.300000,000,
"August 4, 2018 at 02:04AM",doctor_hamster,0,3.300000,000,
"August 4, 2018 at 02:09AM",doctor_hamster,0,3.300000,000,
"August 4, 2018 at 02:14AM",doctor_hamster,0,3.300000,000,
"August 4, 2018 at 02:20AM",doctor_hamster,0,3.300000,000,
"August 4, 2018 at 02:25AM",doctor_hamster,0,3.300000,000,
"August 4, 2018 at 02:30AM",doctor_hamster,0,3.300000,000,
"August 4, 2018 at 02:35AM",doctor_hamster,0,3.300000,000,
"August 4, 2018 at 02:40AM",doctor_hamster,0,3.300000,000,
"August 4, 2018 at 02:46AM",doctor_hamster,0,3.300000,000,
"August 4, 2018 at 02:51AM",doctor_hamster,0,3.300000,000,
"August 4, 2018 at 02:56AM",doctor_hamster,0,3.300000,000,
"August 4, 2018 at 03:01AM",doctor_hamster,0,3.300000,000,
"August 4, 2018 at 03:06AM",doctor_hamster,0,3.300000,000,
"August 4, 2018 at 03:12AM",doctor_hamster,0,3.300000,000,
"August 4, 2018 at 03:17AM",doctor_hamster,0,3.300000,000,
"August 4, 2018 at 03:22AM",doctor_hamster,0,3.300000,000,
"August 4, 2018 at 03:27AM",doctor_hamster,0,3.300000,000,
"August 4, 2018 at 03:33AM",doctor_hamster,0,3.300000,000,
"August 4, 2018 at 03:38AM",doctor_hamster,0,3.300000,000,
"August 4, 2018 at 03:43AM",doctor_hamster,0,3.300000,000,
"August 4, 2018 at 03:48AM",doctor_hamster,0,3.300000,000,
"August 4, 2018 at 03:54AM",doctor_hamster,0,3.300000,000,
"August 4, 2018 at 03:59AM",doctor_hamster,0,3.300000,000,
"August 4, 2018 at 04:04AM",doctor_hamster,0,3.300000,000,
"August 4, 2018 at 04:09AM",doctor_hamster,0,3.300000,000,
"August 4, 2018 at 04:15AM",doctor_hamster,0,3.300000,000,
"August 4, 2018 at 04:20AM",doctor_hamster,0,3.300000,000,
"August 4, 2018 at 04:25AM",doctor_hamster,0,3.300000,000,
"August 4, 2018 at 04:30AM",doctor_hamster,0,3.300000,000,
"August 4, 2018 at 04:35AM",doctor_hamster,0,3.300000,000,
"August 4, 2018 at 04:41AM",doctor_hamster,0,3.300000,000,
"August 4, 2018 at 04:46AM",doctor_hamster,0,3.300000,000,
"August 4, 2018 at 04:51AM",doctor_hamster,0,3.300000,000,
"August 4, 2018 at 04:57AM",doctor_hamster,0,3.300000,000,
"August 4, 2018 at 05:02AM",doctor_hamster,0,3.300000,000,
"August 4, 2018 at 05:07AM",doctor_hamster,0,3.300000,000,
"August 4, 2018 at 05:12AM",doctor_hamster,0,3.300000,000,
"August 4, 2018 at 05:17AM",doctor_hamster,0,3.300000,000,
"August 4, 2018 at 05:23AM",doctor_hamster,0,3.300000,000,
"August 4, 2018 at 05:28AM",doctor_hamster,0,3.300000,000,
"August 4, 2018 at 05:33AM",doctor_hamster,0,3.300000,000,
"August 4, 2018 at 05:39AM",doctor_hamster,0,3.300000,000,
"August 4, 2018 at 05:44AM",doctor_hamster,0,3.300000,000,
"August 4, 2018 at 05:49AM",doctor_hamster,0,3.300000,000,
"August 4, 2018 at 05:54AM",doctor_hamster,0,3.300000,000,
"August 4, 2018 at 06:00AM",doctor_hamster,0,3.300000,000,
"August 4, 2018 at 06:05AM",doctor_hamster,0,3.300000,000,
"August 4, 2018 at 06:10AM",doctor_hamster,0,3.300000,000,
"August 4, 2018 at 06:15AM",doctor_hamster,0,3.300000,000,
"August 4, 2018 at 06:21AM",doctor_hamster,0,3.300000,000,
"August 4, 2018 at 06:26AM",doctor_hamster,0,3.300000,000,
"August 4, 2018 at 06:31AM",doctor_hamster,0,3.300000,000,
"August 4, 2018 at 06:37AM",doctor_hamster,0,3.300000,000,
"August 4, 2018 at 06:42AM",doctor_hamster,0,3.300000,000,
"August 4, 2018 at 06:47AM",doctor_hamster,0,3.300000,000,
"August 4, 2018 at 06:52AM",doctor_hamster,0,3.300000,000,
"August 4, 2018 at 06:58AM",doctor_hamster,0,3.300000,000,
"August 4, 2018 at 07:03AM",doctor_hamster,0,3.300000,000,
"August 4, 2018 at 07:08AM",doctor_hamster,0,3.300000,000,
"August 4, 2018 at 07:14AM",doctor_hamster,0,3.300000,000,
"August 4, 2018 at 07:19AM",doctor_hamster,0,3.300000,000,
"August 4, 2018 at 07:24AM",doctor_hamster,0,3.300000,000,
"August 4, 2018 at 07:30AM",doctor_hamster,0,3.300000,000,
"August 4, 2018 at 07:35AM",doctor_hamster,0,3.300000,000,
"August 4, 2018 at 07:40AM",doctor_hamster,0,3.300000,000,
"August 4, 2018 at 07:45AM",doctor_hamster,0,3.300000,000,
"August 4, 2018 at 07:51AM",doctor_hamster,0,3.300000,000,
"August 4, 2018 at 07:56AM",doctor_hamster,0,3.300000,000,
"August 4, 2018 at 08:01AM",doctor_hamster,0,3.300000,000,
"August 4, 2018 at 08:06AM",doctor_hamster,0,3.300000,000,
"August 4, 2018 at 08:11AM",doctor_hamster,0,3.300000,000,
"August 4, 2018 at 08:17AM",doctor_hamster,0,3.300000,000,
"August 4, 2018 at 08:22AM",doctor_hamster,0,3.300000,000,
"August 4, 2018 at 08:27AM",doctor_hamster,0,3.300000,000,
"August 4, 2018 at 08:33AM",doctor_hamster,0,3.300000,000,
"August 4, 2018 at 08:38AM",doctor_hamster,0,3.300000,000,
"August 4, 2018 at 08:43AM",doctor_hamster,0,3.300000,000,
"August 4, 2018 at 08:48AM",doctor_hamster,0,3.300000,000,
"August 4, 2018 at 08:54AM",doctor_hamster,0,3.300000,000,
"August 4, 2018 at 08:59AM",doctor_hamster,0,3.300000,000,
"August 4, 2018 at 09:04AM",doctor_hamster,0,3.300000,000,
"August 4, 2018 at 09:09AM",doctor_hamster,0,3.300000,000,
"August 4, 2018 at 09:14AM",doctor_hamster,0,3.300000,000,
"August 4, 2018 at 09:20AM",doctor_hamster,0,3.300000,000,
"August 4, 2018 at 09:25AM",doctor_hamster,0,3.300000,000,
"August 4, 2018 at 09:30AM",doctor_hamster,0,3.300000,000,
"August 4, 2018 at 09:35AM",doctor_hamster,0,3.300000,000,
"August 4, 2018 at 09:40AM",doctor_hamster,0,3.300000,000,
"August 4, 2018 at 09:46AM",doctor_hamster,0,3.300000,000,
"August 4, 2018 at 09:51AM",doctor_hamster,0,3.300000,000,
"August 4, 2018 at 09:56AM",doctor_hamster,0,3.300000,000,
"August 4, 2018 at 10:01AM",doctor_hamster,0,3.300000,000,
"August 4, 2018 at 10:06AM",doctor_hamster,0,3.300000,000,
"August 4, 2018 at 10:12AM",doctor_hamster,0,3.300000,000,
"August 4, 2018 at 10:17AM",doctor_hamster,0,3.300000,000,
"August 4, 2018 at 10:23AM",doctor_hamster,0,3.300000,000,
"August 4, 2018 at 10:28AM",doctor_hamster,0,3.300000,000,
"August 4, 2018 at 10:33AM",doctor_hamster,0,3.300000,000,
"August 4, 2018 at 10:39AM",doctor_hamster,0,3.300000,000,
"August 4, 2018 at 10:44AM",doctor_hamster,0,3.300000,000,
"August 4, 2018 at 10:49AM",doctor_hamster,0,3.300000,000,
"August 4, 2018 at 10:55AM",doctor_hamster,0,3.300000,000,
"August 4, 2018 at 11:00AM",doctor_hamster,0,3.300000,000,
"August 4, 2018 at 11:05AM",doctor_hamster,0,3.300000,000,
"August 4, 2018 at 11:11AM",doctor_hamster,0,3.300000,000,
"August 4, 2018 at 11:16AM",doctor_hamster,0,3.300000,000,
"August 4, 2018 at 11:22AM",doctor_hamster,0,3.300000,000,
"August 4, 2018 at 11:27AM",doctor_hamster,0,3.300000,000,
"August 4, 2018 at 11:33AM",doctor_hamster,0,3.300000,000,
"August 4, 2018 at 11:38AM",doctor_hamster,0,3.300000,000,
"August 4, 2018 at 11:43AM",doctor_hamster,0,3.300000,000,
"August 4, 2018 at 11:48AM",doctor_hamster,0,3.300000,000,
"August 4, 2018 at 11:53AM",doctor_hamster,0,3.300000,000,
"August 4, 2018 at 11:59AM",doctor_hamster,0,3.300000,000,
"August 4, 2018 at 12:04PM",doctor_hamster,0,3.300000,000,
"August 4, 2018 at 12:09PM",doctor_hamster,0,3.300000,000,
"August 4, 2018 at 12:14PM",doctor_hamster,0,3.300000,000,
"August 4, 2018 at 12:20PM",doctor_hamster,0,3.300000,000,
"August 4, 2018 at 12:26PM",doctor_hamster,0,3.300000,000,
"August 4, 2018 at 12:31PM",doctor_hamster,0,3.300000,000,
"August 4, 2018 at 12:36PM",doctor_hamster,0,3.300000,000,
"August 4, 2018 at 12:41PM",doctor_hamster,0,3.300000,000,
"August 4, 2018 at 12:46PM",doctor_hamster,0,3.300000,000,
"August 4, 2018 at 12:52PM",doctor_hamster,0,3.300000,000,
"August 4, 2018 at 12:57PM",doctor_hamster,0,3.300000,000,
"August 4, 2018 at 01:02PM",doctor_hamster,0,3.300000,000,
"August 4, 2018 at 01:07PM",doctor_hamster,0,3.300000,000,
"August 4, 2018 at 01:13PM",doctor_hamster,0,3.300000,000,
"August 4, 2018 at 01:18PM",doctor_hamster,0,3.300000,000,
"August 4, 2018 at 01:23PM",doctor_hamster,0,3.300000,000,
"August 4, 2018 at 01:29PM",doctor_hamster,0,3.300000,000,
"August 4, 2018 at 01:34PM",doctor_hamster,0,3.300000,000,
"August 4, 2018 at 01:39PM",doctor_hamster,0,3.300000,000,
"August 4, 2018 at 01:45PM",doctor_hamster,0,3.300000,000,
"August 4, 2018 at 01:50PM",doctor_hamster,0,3.300000,000,
"August 4, 2018 at 01:55PM",doctor_hamster,0,3.300000,000,
"August 4, 2018 at 02:00PM",doctor_hamster,0,3.300000,000,
"August 4, 2018 at 02:05PM",doctor_hamster,0,3.300000,000,
"August 4, 2018 at 02:11PM",doctor_hamster,0,3.300000,000,
"August 4, 2018 at 02:16PM",doctor_hamster,0,3.300000,000,
"August 4, 2018 at 02:22PM",doctor_hamster,0,3.300000,000,
"August 4, 2018 at 02:27PM",doctor_hamster,0,3.300000,000,
"August 4, 2018 at 02:32PM",doctor_hamster,0,3.300000,000,
"August 4, 2018 at 02:37PM",doctor_hamster,0,3.300000,000,
"August 4, 2018 at 02:43PM",doctor_hamster,0,3.300000,000,
"August 4, 2018 at 02:48PM",doctor_hamster,0,3.300000,000,
"August 4, 2018 at 02:53PM",doctor_hamster,0,3.300000,000,
"August 4, 2018 at 02:59PM",doctor_hamster,0,3.300000,000,
"August 4, 2018 at 03:04PM",doctor_hamster,0,3.300000,000,
"August 4, 2018 at 03:09PM",doctor_hamster,0,3.300000,000,
"August 4, 2018 at 03:14PM",doctor_hamster,0,3.300000,000,
"August 4, 2018 at 03:20PM",doctor_hamster,0,3.300000,000,
"August 4, 2018 at 03:25PM",doctor_hamster,0,3.300000,000,
"August 4, 2018 at 03:30PM",doctor_hamster,0,3.300000,000,
"August 4, 2018 at 03:36PM",doctor_hamster,0,3.300000,000,
"August 4, 2018 at 03:41PM",doctor_hamster,0,3.300000,000,
"August 4, 2018 at 03:46PM",doctor_hamster,0,3.300000,000,
"August 4, 2018 at 03:52PM",doctor_hamster,0,3.300000,000,
"August 4, 2018 at 03:57PM",doctor_hamster,0,3.300000,000,
"August 4, 2018 at 04:02PM",doctor_hamster,0,3.300000,000,
"August 4, 2018 at 04:07PM",doctor_hamster,0,3.300000,000,
"August 4, 2018 at 04:13PM",doctor_hamster,0,3.300000,000,
"August 4, 2018 at 04:18PM",doctor_hamster,0,3.300000,000,
"August 4, 2018 at 04:23PM",doctor_hamster,0,3.300000,000,
"August 4, 2018 at 04:29PM",doctor_hamster,0,3.300000,000,
"August 4, 2018 at 04:34PM",doctor_hamster,0,3.300000,000,
"August 4, 2018 at 04:39PM",doctor_hamster,0,3.300000,000,
"August 4, 2018 at 05:05PM",doctor_hamster,0,3.300000,000,
"August 4, 2018 at 05:11PM",doctor_hamster,0,3.300000,000,
"August 4, 2018 at 05:16PM",doctor_hamster,0,3.300000,000,
"August 4, 2018 at 05:21PM",doctor_hamster,0,3.300000,000,
"August 4, 2018 at 05:27PM",doctor_hamster,0,3.300000,000,
"August 4, 2018 at 05:32PM",doctor_hamster,0,3.300000,000,
"August 4, 2018 at 05:37PM",doctor_hamster,0,3.300000,000,
"August 4, 2018 at 05:42PM",doctor_hamster,0,3.300000,000,
"August 4, 2018 at 05:48PM",doctor_hamster,0,3.300000,000,
"August 4, 2018 at 05:53PM",doctor_hamster,0,3.300000,000,
"August 4, 2018 at 05:58PM",doctor_hamster,0,3.300000,000,
"August 4, 2018 at 06:04PM",doctor_hamster,0,3.300000,000,
"August 4, 2018 at 06:09PM",doctor_hamster,0,3.300000,000,
"August 4, 2018 at 06:14PM",doctor_hamster,0,3.300000,000,
"August 4, 2018 at 06:24PM",doctor_hamster,0,3.300000,000,
"August 4, 2018 at 06:30PM",doctor_hamster,0,3.300000,000,
"August 4, 2018 at 06:35PM",doctor_hamster,0,3.300000,000,
"August 4, 2018 at 06:40PM",doctor_hamster,0,3.300000,000,
"August 4, 2018 at 06:46PM",doctor_hamster,0,3.300000,000,
"August 4, 2018 at 06:51PM",doctor_hamster,0,3.300000,000,
"August 4, 2018 at 06:56PM",doctor_hamster,0,3.300000,000,
"August 4, 2018 at 07:01PM",doctor_hamster,0,3.300000,000,
"August 4, 2018 at 07:07PM",doctor_hamster,0,3.300000,000,
"August 4, 2018 at 07:12PM",doctor_hamster,0,3.300000,000,
"August 4, 2018 at 07:22PM",doctor_hamster,0,3.300000,000,
"August 4, 2018 at 07:28PM",doctor_hamster,0,3.300000,000,
"August 4, 2018 at 07:33PM",doctor_hamster,0,3.300000,000,
"August 4, 2018 at 07:39PM",doctor_hamster,0,3.300000,000,
"August 4, 2018 at 07:44PM",doctor_hamster,0,3.300000,000,
"August 4, 2018 at 07:49PM",doctor_hamster,0,3.300000,000,
"August 4, 2018 at 07:55PM",doctor_hamster,0,3.300000,000,
"August 4, 2018 at 08:00PM",doctor_hamster,0,3.300000,000,
"August 4, 2018 at 08:10PM",doctor_hamster,0,3.300000,000,
"August 4, 2018 at 08:15PM",doctor_hamster,0,3.300000,000,
"August 4, 2018 at 08:21PM",doctor_hamster,0,3.300000,000,
"August 4, 2018 at 08:26PM",doctor_hamster,0,3.300000,000,
"August 4, 2018 at 08:31PM",doctor_hamster,0,3.300000,000,
"August 4, 2018 at 08:37PM",doctor_hamster,0,3.300000,000,
"August 4, 2018 at 08:42PM",doctor_hamster,0,3.300000,000,
"August 4, 2018 at 08:47PM",doctor_hamster,0,3.300000,000,
"August 4, 2018 at 08:53PM",doctor_hamster,0,3.300000,000,
"August 4, 2018 at 08:58PM",doctor_hamster,0,3.300000,000,
"August 4, 2018 at 09:14PM",doctor_hamster,0,3.300000,000,
"August 4, 2018 at 09:19PM",doctor_hamster,0,3.300000,000,
"August 4, 2018 at 09:24PM",doctor_hamster,0,3.300000,000,
"August 4, 2018 at 09:30PM",doctor_hamster,0,3.300000,000,
"August 4, 2018 at 09:35PM",doctor_hamster,0,3.300000,000,
"August 4, 2018 at 09:40PM",doctor_hamster,0,3.300000,000,
"August 4, 2018 at 09:51PM",doctor_hamster,0,3.300000,000,
"August 4, 2018 at 09:56PM",doctor_hamster,0,3.300000,000,
"August 4, 2018 at 10:01PM",doctor_hamster,0,3.300000,000,
"August 4, 2018 at 10:06PM",doctor_hamster,0,3.300000,000,
"August 4, 2018 at 10:17PM",doctor_hamster,0,3.300000,000,
"August 4, 2018 at 10:22PM",doctor_hamster,0,3.300000,000,
"August 4, 2018 at 10:27PM",doctor_hamster,0,3.300000,000,
"August 4, 2018 at 10:33PM",doctor_hamster,0,3.300000,000,
"August 4, 2018 at 10:38PM",doctor_hamster,0,3.300000,000,
"August 4, 2018 at 10:43PM",doctor_hamster,0,3.300000,000,
"August 4, 2018 at 10:48PM",doctor_hamster,0,3.300000,000,
"August 4, 2018 at 10:54PM",doctor_hamster,0,3.300000,000,
"August 4, 2018 at 10:59PM",doctor_hamster,0,3.300000,000,
"August 4, 2018 at 11:10PM",doctor_hamster,0,3.300000,000,
"August 4, 2018 at 11:15PM",doctor_hamster,0,3.300000,000,
"August 4, 2018 at 11:20PM",doctor_hamster,0,3.300000,000,
"August 4, 2018 at 11:26PM",doctor_hamster,0,3.300000,000,
"August 4, 2018 at 11:31PM",doctor_hamster,0,3.300000,000,
"August 4, 2018 at 11:36PM",doctor_hamster,0,3.300000,000,
"August 4, 2018 at 11:41PM",doctor_hamster,0,3.300000,000,
"August 4, 2018 at 11:47PM",doctor_hamster,0,3.300000,000,
"August 4, 2018 at 11:52PM",doctor_hamster,0,3.300000,000,
"August 4, 2018 at 11:57PM",doctor_hamster,0,3.300000,000,
"August 5, 2018 at 12:03AM",doctor_hamster,0,3.300000,000,
"August 5, 2018 at 12:08AM",doctor_hamster,0,3.300000,000,
"August 5, 2018 at 12:13AM",doctor_hamster,0,3.300000,000,
"August 5, 2018 at 12:18AM",doctor_hamster,0,3.300000,000,
"August 5, 2018 at 12:23AM",doctor_hamster,0,3.300000,000,
"August 5, 2018 at 12:29AM",doctor_hamster,0,3.300000,000,
"August 5, 2018 at 12:34AM",doctor_hamster,0,3.300000,000,
"August 5, 2018 at 12:39AM",doctor_hamster,0,3.300000,000,
"August 5, 2018 at 12:44AM",doctor_hamster,0,3.300000,000,
"August 5, 2018 at 12:50AM",doctor_hamster,0,3.300000,000,
"August 5, 2018 at 12:55AM",doctor_hamster,0,3.300000,000,
"August 5, 2018 at 01:01AM",doctor_hamster,0,3.300000,000,
"August 5, 2018 at 01:22AM",doctor_hamster,0,3.300000,000,
"August 5, 2018 at 01:27AM",doctor_hamster,0,3.300000,000,
"August 5, 2018 at 01:33AM",doctor_hamster,0,3.300000,000,
"August 5, 2018 at 01:38AM",doctor_hamster,0,3.300000,000,
"August 5, 2018 at 01:43AM",doctor_hamster,0,3.300000,000,
"August 5, 2018 at 01:48AM",doctor_hamster,0,3.300000,000,
"August 5, 2018 at 01:54AM",doctor_hamster,0,3.300000,000,
"August 5, 2018 at 01:59AM",doctor_hamster,0,3.300000,000,
"August 5, 2018 at 02:04AM",doctor_hamster,0,3.300000,000,
"August 5, 2018 at 02:09AM",doctor_hamster,0,3.300000,000,
"August 5, 2018 at 02:15AM",doctor_hamster,0,3.300000,000,
"August 5, 2018 at 02:20AM",doctor_hamster,0,3.300000,000,
"August 5, 2018 at 02:25AM",doctor_hamster,0,3.300000,000,
"August 5, 2018 at 02:31AM",doctor_hamster,0,3.300000,000,
"August 5, 2018 at 02:36AM",doctor_hamster,0,3.300000,000,
"August 5, 2018 at 02:41AM",doctor_hamster,0,3.300000,000,
"August 5, 2018 at 02:46AM",doctor_hamster,0,3.300000,000,
"August 5, 2018 at 02:51AM",doctor_hamster,0,3.300000,000,
"August 5, 2018 at 02:57AM",doctor_hamster,0,3.300000,000,
"August 5, 2018 at 03:02AM",doctor_hamster,0,3.300000,000,
"August 5, 2018 at 03:07AM",doctor_hamster,0,3.300000,000,
"August 5, 2018 at 03:13AM",doctor_hamster,0,3.300000,000,
"August 5, 2018 at 03:23AM",doctor_hamster,0,3.300000,000,
"August 5, 2018 at 03:28AM",doctor_hamster,0,3.300000,000,
"August 5, 2018 at 03:34AM",doctor_hamster,0,3.300000,000,
"August 5, 2018 at 03:39AM",doctor_hamster,0,3.300000,000,
"August 5, 2018 at 03:44AM",doctor_hamster,0,3.300000,000,
"August 5, 2018 at 03:49AM",doctor_hamster,0,3.300000,000,
"August 5, 2018 at 03:54AM",doctor_hamster,0,3.300000,000,
"August 5, 2018 at 04:00AM",doctor_hamster,0,3.300000,000,
"August 5, 2018 at 04:05AM",doctor_hamster,0,3.300000,000,
"August 5, 2018 at 04:10AM",doctor_hamster,0,3.300000,000,
"August 5, 2018 at 04:15AM",doctor_hamster,0,3.300000,000,
"August 5, 2018 at 04:20AM",doctor_hamster,0,3.300000,000,
"August 5, 2018 at 04:26AM",doctor_hamster,0,3.300000,000,
"August 5, 2018 at 04:31AM",doctor_hamster,0,3.300000,000,
"August 5, 2018 at 04:36AM",doctor_hamster,0,3.300000,000,
"August 5, 2018 at 04:41AM",doctor_hamster,0,3.300000,000,
"August 5, 2018 at 04:47AM",doctor_hamster,0,3.300000,000,
"August 5, 2018 at 04:52AM",doctor_hamster,0,3.300000,000,
"August 5, 2018 at 04:57AM",doctor_hamster,0,3.300000,000,
"August 5, 2018 at 05:02AM",doctor_hamster,0,3.300000,000,
"August 5, 2018 at 05:08AM",doctor_hamster,0,3.300000,000,
"August 5, 2018 at 05:13AM",doctor_hamster,0,3.300000,000,
"August 5, 2018 at 05:18AM",doctor_hamster,0,3.300000,000,
"August 5, 2018 at 05:23AM",doctor_hamster,0,3.300000,000,
"August 5, 2018 at 05:28AM",doctor_hamster,0,3.300000,000,
"August 5, 2018 at 05:34AM",doctor_hamster,0,3.300000,000,
"August 5, 2018 at 05:39AM",doctor_hamster,0,3.300000,000,
"August 5, 2018 at 05:44AM",doctor_hamster,0,3.300000,000,
"August 5, 2018 at 05:49AM",doctor_hamster,0,3.300000,000,
"August 5, 2018 at 05:54AM",doctor_hamster,0,3.300000,000,
"August 5, 2018 at 06:00AM",doctor_hamster,0,3.300000,000,
"August 5, 2018 at 06:05AM",doctor_hamster,0,3.300000,000,
"August 5, 2018 at 06:10AM",doctor_hamster,0,3.300000,000,
"August 5, 2018 at 06:15AM",doctor_hamster,0,3.300000,000,
"August 5, 2018 at 06:20AM",doctor_hamster,0,3.300000,000,
"August 5, 2018 at 06:26AM",doctor_hamster,0,3.300000,000,
"August 5, 2018 at 06:31AM",doctor_hamster,0,3.300000,000,
"August 5, 2018 at 06:36AM",doctor_hamster,0,3.300000,000,
"August 5, 2018 at 06:42AM",doctor_hamster,0,3.300000,000,
"August 5, 2018 at 06:47AM",doctor_hamster,0,3.300000,000,
"August 5, 2018 at 06:52AM",doctor_hamster,0,3.300000,000,
"August 5, 2018 at 07:02AM",doctor_hamster,0,3.300000,000,
"August 5, 2018 at 07:08AM",doctor_hamster,0,3.300000,000,
"August 5, 2018 at 07:13AM",doctor_hamster,0,3.300000,000,
"August 5, 2018 at 07:18AM",doctor_hamster,0,3.300000,000,
"August 5, 2018 at 07:23AM",doctor_hamster,0,3.300000,000,
"August 5, 2018 at 07:28AM",doctor_hamster,0,3.300000,000,
"August 5, 2018 at 07:34AM",doctor_hamster,0,3.300000,000,
"August 5, 2018 at 07:39AM",doctor_hamster,0,3.300000,000,
"August 5, 2018 at 07:44AM",doctor_hamster,0,3.300000,000,
"August 5, 2018 at 07:50AM",doctor_hamster,0,3.300000,000,
"August 5, 2018 at 07:55AM",doctor_hamster,0,3.300000,000,
"August 5, 2018 at 08:00AM",doctor_hamster,0,3.300000,000,
"August 5, 2018 at 08:05AM",doctor_hamster,0,3.300000,000,
"August 5, 2018 at 08:11AM",doctor_hamster,0,3.300000,000,
"August 5, 2018 at 08:16AM",doctor_hamster,0,3.300000,000,
"August 5, 2018 at 08:21AM",doctor_hamster,0,3.300000,000,
"August 5, 2018 at 08:26AM",doctor_hamster,0,3.300000,000,
"August 5, 2018 at 08:31AM",doctor_hamster,0,3.300000,000,
"August 5, 2018 at 08:37AM",doctor_hamster,0,3.300000,000,
"August 5, 2018 at 08:42AM",doctor_hamster,0,3.300000,000,
"August 5, 2018 at 08:47AM",doctor_hamster,0,3.300000,000,
"August 5, 2018 at 08:53AM",doctor_hamster,0,3.300000,000,
"August 5, 2018 at 08:58AM",doctor_hamster,0,3.300000,000,
"August 5, 2018 at 09:03AM",doctor_hamster,0,3.300000,000,
"August 5, 2018 at 09:09AM",doctor_hamster,0,3.300000,000,
"August 5, 2018 at 09:14AM",doctor_hamster,0,3.300000,000,
"August 5, 2018 at 09:20AM",doctor_hamster,0,3.300000,000,
"August 5, 2018 at 09:31AM",doctor_hamster,0,3.300000,000,
"August 5, 2018 at 09:36AM",doctor_hamster,0,3.300000,000,
"August 5, 2018 at 09:41AM",doctor_hamster,0,3.300000,000,
"August 5, 2018 at 09:46AM",doctor_hamster,0,3.300000,000,
"August 5, 2018 at 09:51AM",doctor_hamster,0,3.300000,000,
"August 5, 2018 at 09:57AM",doctor_hamster,0,3.300000,000,
"August 5, 2018 at 10:07AM",doctor_hamster,0,3.300000,000,
"August 5, 2018 at 10:13AM",doctor_hamster,0,3.300000,000,
"August 5, 2018 at 10:18AM",doctor_hamster,0,3.300000,000,
"August 5, 2018 at 10:23AM",doctor_hamster,0,3.300000,000,
"August 5, 2018 at 10:28AM",doctor_hamster,0,3.300000,000,
"August 5, 2018 at 10:34AM",doctor_hamster,0,3.300000,000,
"August 5, 2018 at 10:39AM",doctor_hamster,0,3.300000,000,
"August 5, 2018 at 10:44AM",doctor_hamster,0,3.300000,000,
"August 5, 2018 at 11:43AM",Lisha Kill Preserve,0,3.300000,000,
"August 5, 2018 at 11:48AM",Lisha Kill Preserve,0,3.300000,000,
"August 5, 2018 at 11:53AM",Lisha Kill Preserve,0,3.300000,000,
"August 5, 2018 at 11:58AM",Lisha Kill Preserve,0,3.300000,000,
"August 5, 2018 at 12:04PM",Lisha Kill Preserve,0,3.300000,000,
"August 5, 2018 at 12:09PM",Lisha Kill Preserve,0,3.300000,000,
"August 5, 2018 at 12:14PM",Lisha Kill Preserve,0,3.300000,000,
"August 5, 2018 at 12:20PM",Lisha Kill Preserve,0,3.300000,000,
"August 5, 2018 at 12:25PM",Lisha Kill Preserve,0,3.300000,000,
"August 5, 2018 at 12:31PM",Lisha Kill Preserve,0,3.300000,000,
"August 5, 2018 at 12:36PM",Lisha Kill Preserve,0,3.300000,000,
"August 5, 2018 at 12:41PM",Lisha Kill Preserve,0,3.300000,000,
"August 5, 2018 at 12:46PM",Lisha Kill Preserve,0,3.300000,000,
"August 5, 2018 at 12:57PM",Lisha Kill Preserve,0,3.300000,000,
"August 5, 2018 at 01:02PM",Lisha Kill Preserve,0,3.300000,000,
"August 5, 2018 at 01:07PM",Lisha Kill Preserve,0,3.300000,000,
"August 5, 2018 at 01:13PM",Lisha Kill Preserve,0,3.300000,000,
"August 5, 2018 at 01:18PM",Lisha Kill Preserve,0,3.300000,000,
"August 5, 2018 at 01:23PM",Lisha Kill Preserve,0,3.300000,000,
"August 5, 2018 at 01:28PM",Lisha Kill Preserve,0,3.300000,000,
"August 5, 2018 at 01:34PM",Lisha Kill Preserve,0,3.300000,000,
"August 5, 2018 at 01:39PM",Lisha Kill Preserve,0,3.300000,000,
"August 5, 2018 at 01:44PM",Lisha Kill Preserve,0,3.300000,000,
"August 5, 2018 at 01:50PM",Lisha Kill Preserve,0,3.300000,000,
"August 5, 2018 at 01:55PM",Lisha Kill Preserve,0,3.300000,000,
"August 5, 2018 at 02:00PM",Lisha Kill Preserve,0,3.300000,000,
"August 5, 2018 at 02:05PM",Lisha Kill Preserve,0,3.300000,000,
"August 5, 2018 at 02:11PM",Lisha Kill Preserve,0,3.300000,000,
"August 5, 2018 at 02:37PM",Lisha Kill Preserve,0,3.300000,000,
"August 5, 2018 at 02:42PM",Lisha Kill Preserve,0,3.300000,000,
"August 5, 2018 at 02:47PM",Lisha Kill Preserve,0,3.300000,000,
"August 5, 2018 at 02:53PM",Lisha Kill Preserve,0,3.300000,000,
"August 5, 2018 at 02:58PM",Lisha Kill Preserve,0,3.300000,000,
"August 5, 2018 at 03:03PM",Lisha Kill Preserve,0,3.300000,000,
"August 5, 2018 at 03:09PM",Lisha Kill Preserve,0,3.300000,000,
"August 5, 2018 at 03:14PM",Lisha Kill Preserve,0,3.300000,000,
"August 5, 2018 at 03:19PM",Lisha Kill Preserve,0,3.300000,000,
"August 5, 2018 at 03:24PM",Lisha Kill Preserve,0,3.300000,000,
"August 5, 2018 at 03:30PM",Lisha Kill Preserve,0,3.300000,000,
"August 5, 2018 at 03:35PM",Lisha Kill Preserve,0,3.300000,000,
"August 5, 2018 at 03:40PM",Lisha Kill Preserve,0,3.300000,000,
"August 5, 2018 at 03:45PM",Lisha Kill Preserve,0,3.300000,000,
"August 5, 2018 at 03:51PM",Lisha Kill Preserve,0,3.300000,000,
"August 5, 2018 at 03:56PM",Lisha Kill Preserve,0,3.300000,000,
"August 5, 2018 at 04:01PM",Lisha Kill Preserve,0,3.300000,000,
"August 5, 2018 at 04:07PM",Lisha Kill Preserve,0,3.300000,000,
"August 5, 2018 at 04:12PM",Lisha Kill Preserve,0,3.300000,000,
"August 5, 2018 at 04:17PM",Lisha Kill Preserve,0,3.300000,000,
"August 5, 2018 at 04:23PM",Lisha Kill Preserve,0,3.300000,000,
"August 5, 2018 at 04:28PM",Lisha Kill Preserve,0,3.300000,000,
"August 5, 2018 at 04:33PM",Lisha Kill Preserve,0,3.300000,000,
"August 5, 2018 at 04:39PM",Lisha Kill Preserve,0,3.300000,000,
"August 5, 2018 at 04:44PM",Lisha Kill Preserve,0,3.300000,000,
"August 5, 2018 at 04:49PM",Lisha Kill Preserve,0,3.300000,000,
"August 5, 2018 at 05:05PM",Lisha Kill Preserve,0,3.300000,000,
"August 5, 2018 at 05:11PM",Lisha Kill Preserve,0,3.300000,000,
"August 5, 2018 at 05:17PM",Lisha Kill Preserve,0,3.300000,000,
"August 5, 2018 at 05:22PM",Lisha Kill Preserve,0,3.300000,000,
"August 5, 2018 at 05:27PM",Lisha Kill Preserve,0,3.300000,000,
"August 5, 2018 at 05:32PM",Lisha Kill Preserve,0,3.300000,000,
"August 5, 2018 at 05:38PM",Lisha Kill Preserve,0,3.300000,000,
"August 5, 2018 at 05:43PM",Lisha Kill Preserve,0,3.300000,000,
"August 5, 2018 at 05:48PM",Lisha Kill Preserve,0,3.300000,000,
"August 5, 2018 at 05:54PM",Lisha Kill Preserve,0,3.300000,000,
"August 5, 2018 at 05:59PM",Lisha Kill Preserve,0,3.300000,000,
"August 5, 2018 at 06:04PM",Lisha Kill Preserve,0,3.300000,000,
"August 5, 2018 at 06:09PM",Lisha Kill Preserve,0,3.300000,000,
"August 5, 2018 at 06:14PM",Lisha Kill Preserve,0,3.300000,000,
"August 5, 2018 at 06:20PM",Lisha Kill Preserve,0,3.300000,000,
"August 5, 2018 at 06:25PM",Lisha Kill Preserve,0,3.300000,000,
"August 5, 2018 at 06:30PM",Lisha Kill Preserve,0,3.300000,000,
"August 5, 2018 at 06:36PM",Lisha Kill Preserve,0,3.300000,000,
"August 5, 2018 at 06:41PM",Lisha Kill Preserve,0,3.300000,000,
"August 5, 2018 at 06:46PM",Lisha Kill Preserve,0,3.300000,000,
"August 5, 2018 at 06:52PM",Lisha Kill Preserve,0,3.300000,000,
"August 5, 2018 at 06:57PM",Lisha Kill Preserve,0,3.300000,000,
"August 5, 2018 at 07:07PM",Lisha Kill Preserve,0,3.300000,000,
"August 5, 2018 at 07:13PM",Lisha Kill Preserve,0,3.300000,000,
"August 5, 2018 at 07:18PM",Lisha Kill Preserve,0,3.300000,000,
"August 5, 2018 at 07:23PM",Lisha Kill Preserve,0,3.300000,000,
"August 5, 2018 at 07:28PM",Lisha Kill Preserve,0,3.300000,000,
"August 5, 2018 at 07:34PM",Lisha Kill Preserve,0,3.300000,000,
"August 5, 2018 at 07:39PM",Lisha Kill Preserve,0,3.300000,000,
"August 5, 2018 at 07:44PM",Lisha Kill Preserve,0,3.300000,000,
"August 5, 2018 at 07:49PM",Lisha Kill Preserve,0,3.300000,000,
"August 5, 2018 at 07:55PM",Lisha Kill Preserve,0,3.300000,000,
"August 5, 2018 at 08:00PM",Lisha Kill Preserve,0,3.300000,000,
"August 5, 2018 at 08:05PM",Lisha Kill Preserve,0,3.300000,000,
"August 5, 2018 at 08:10PM",Lisha Kill Preserve,0,3.300000,000,
"August 5, 2018 at 08:15PM",Lisha Kill Preserve,0,3.300000,000,
"August 5, 2018 at 08:21PM",Lisha Kill Preserve,0,3.300000,000,
"August 5, 2018 at 08:26PM",Lisha Kill Preserve,0,3.300000,000,
"August 5, 2018 at 08:31PM",Lisha Kill Preserve,0,3.300000,000,
"August 5, 2018 at 08:36PM",Lisha Kill Preserve,0,3.300000,000,
"August 5, 2018 at 08:42PM",Lisha Kill Preserve,0,3.300000,000,
"August 5, 2018 at 08:47PM",Lisha Kill Preserve,0,3.300000,000,
"August 5, 2018 at 08:53PM",Lisha Kill Preserve,0,3.300000,000,
"August 5, 2018 at 08:58PM",Lisha Kill Preserve,0,3.300000,000,
"August 5, 2018 at 09:04PM",Lisha Kill Preserve,0,3.300000,000,
"August 5, 2018 at 09:10PM",Lisha Kill Preserve,0,3.300000,000,
"August 5, 2018 at 09:15PM",Lisha Kill Preserve,0,3.300000,000,
"August 5, 2018 at 09:20PM",Lisha Kill Preserve,0,3.300000,000,
"August 5, 2018 at 09:26PM",Lisha Kill Preserve,0,3.300000,000,
"August 5, 2018 at 09:31PM",Lisha Kill Preserve,0,3.300000,000,
"August 5, 2018 at 09:36PM",Lisha Kill Preserve,0,3.300000,000,
"August 5, 2018 at 09:41PM",Lisha Kill Preserve,0,3.300000,000,
"August 5, 2018 at 09:46PM",Lisha Kill Preserve,0,3.300000,000,
"August 5, 2018 at 09:52PM",Lisha Kill Preserve,0,3.300000,000,
"August 5, 2018 at 09:57PM",Lisha Kill Preserve,0,3.300000,000,
"August 5, 2018 at 10:02PM",Lisha Kill Preserve,0,3.300000,000,
"August 5, 2018 at 10:07PM",Lisha Kill Preserve,0,3.300000,000,
"August 5, 2018 at 10:12PM",Lisha Kill Preserve,0,3.300000,000,
"August 5, 2018 at 10:18PM",Lisha Kill Preserve,0,3.300000,000,
"August 5, 2018 at 10:23PM",Lisha Kill Preserve,0,3.300000,000,
"August 5, 2018 at 10:28PM",Lisha Kill Preserve,0,3.300000,000,
"August 5, 2018 at 10:34PM",Lisha Kill Preserve,0,3.300000,000,
"August 5, 2018 at 10:39PM",Lisha Kill Preserve,0,3.300000,000,
"August 5, 2018 at 10:44PM",Lisha Kill Preserve,0,3.300000,000,
"August 5, 2018 at 10:49PM",Lisha Kill Preserve,0,3.300000,000,
"August 5, 2018 at 10:54PM",Lisha Kill Preserve,0,3.300000,000,
"August 5, 2018 at 11:00PM",Lisha Kill Preserve,0,3.300000,000,
"August 5, 2018 at 11:05PM",Lisha Kill Preserve,0,3.300000,000,
"August 5, 2018 at 11:10PM",Lisha Kill Preserve,0,3.300000,000,
"August 5, 2018 at 11:15PM",Lisha Kill Preserve,0,3.300000,000,
"August 5, 2018 at 11:21PM",Lisha Kill Preserve,0,3.300000,000,
"August 5, 2018 at 11:26PM",Lisha Kill Preserve,0,3.300000,000,
"August 5, 2018 at 11:31PM",Lisha Kill Preserve,0,3.300000,000,
"August 5, 2018 at 11:37PM",Lisha Kill Preserve,0,3.300000,000,
"August 5, 2018 at 11:42PM",Lisha Kill Preserve,0,3.300000,000,
"August 5, 2018 at 11:47PM",Lisha Kill Preserve,0,3.300000,000,
"August 5, 2018 at 11:52PM",Lisha Kill Preserve,0,3.300000,000,
"August 5, 2018 at 11:58PM",Lisha Kill Preserve,0,3.300000,000,
"August 6, 2018 at 12:03AM",Lisha Kill Preserve,0,3.300000,000,
"August 6, 2018 at 12:08AM",Lisha Kill Preserve,0,3.300000,000,
"August 6, 2018 at 12:14AM",Lisha Kill Preserve,0,3.300000,000,
"August 6, 2018 at 12:19AM",Lisha Kill Preserve,0,3.300000,000,
"August 6, 2018 at 12:25AM",Lisha Kill Preserve,0,3.300000,000,
"August 6, 2018 at 12:30AM",Lisha Kill Preserve,0,3.300000,000,
"August 6, 2018 at 12:35AM",Lisha Kill Preserve,0,3.300000,000,
"August 6, 2018 at 12:40AM",Lisha Kill Preserve,0,3.300000,000,
"August 6, 2018 at 12:45AM",Lisha Kill Preserve,0,3.300000,000,
"August 6, 2018 at 12:51AM",Lisha Kill Preserve,0,3.300000,000,
"August 6, 2018 at 12:56AM",Lisha Kill Preserve,0,3.300000,000,
"August 6, 2018 at 01:01AM",Lisha Kill Preserve,0,3.300000,000,
"August 6, 2018 at 01:06AM",Lisha Kill Preserve,0,3.300000,000,
"August 6, 2018 at 01:12AM",Lisha Kill Preserve,0,3.300000,000,
"August 6, 2018 at 01:17AM",Lisha Kill Preserve,0,3.300000,000,
"August 6, 2018 at 01:22AM",Lisha Kill Preserve,0,3.300000,000,
"August 6, 2018 at 01:27AM",Lisha Kill Preserve,0,3.300000,000,
"August 6, 2018 at 01:33AM",Lisha Kill Preserve,0,3.300000,000,
"August 6, 2018 at 01:38AM",Lisha Kill Preserve,0,3.300000,000,
"August 6, 2018 at 01:43AM",Lisha Kill Preserve,0,3.300000,000,
"August 6, 2018 at 01:48AM",Lisha Kill Preserve,0,3.300000,000,
"August 6, 2018 at 01:54AM",Lisha Kill Preserve,0,3.300000,000,
"August 6, 2018 at 01:59AM",Lisha Kill Preserve,0,3.300000,000,
"August 6, 2018 at 02:04AM",Lisha Kill Preserve,0,3.300000,000,
"August 6, 2018 at 02:10AM",Lisha Kill Preserve,0,3.300000,000,
"August 6, 2018 at 02:15AM",Lisha Kill Preserve,0,3.300000,000,
"August 6, 2018 at 02:20AM",Lisha Kill Preserve,0,3.300000,000,
"August 6, 2018 at 02:25AM",Lisha Kill Preserve,0,3.300000,000,
"August 6, 2018 at 02:30AM",Lisha Kill Preserve,0,3.300000,000,
"August 6, 2018 at 02:36AM",Lisha Kill Preserve,0,3.300000,000,
"August 6, 2018 at 02:41AM",Lisha Kill Preserve,0,3.300000,000,
"August 6, 2018 at 02:46AM",Lisha Kill Preserve,0,3.300000,000,
"August 6, 2018 at 02:51AM",Lisha Kill Preserve,0,3.300000,000,
"August 6, 2018 at 02:57AM",Lisha Kill Preserve,0,3.300000,000,
"August 6, 2018 at 03:02AM",Lisha Kill Preserve,0,3.300000,000,
"August 6, 2018 at 03:07AM",Lisha Kill Preserve,0,3.300000,000,
"August 6, 2018 at 03:12AM",Lisha Kill Preserve,0,3.300000,000,
"August 6, 2018 at 03:17AM",Lisha Kill Preserve,0,3.300000,000,
"August 6, 2018 at 03:23AM",Lisha Kill Preserve,0,3.300000,000,
"August 6, 2018 at 03:28AM",Lisha Kill Preserve,0,3.300000,000,
"August 6, 2018 at 03:33AM",Lisha Kill Preserve,0,3.300000,000,
"August 6, 2018 at 03:39AM",Lisha Kill Preserve,0,3.300000,000,
"August 6, 2018 at 03:44AM",Lisha Kill Preserve,0,3.300000,000,
"August 6, 2018 at 03:49AM",Lisha Kill Preserve,0,3.300000,000,
"August 6, 2018 at 03:55AM",Lisha Kill Preserve,0,3.300000,000,
"August 6, 2018 at 04:00AM",Lisha Kill Preserve,0,3.300000,000,
"August 6, 2018 at 04:12AM",Lisha Kill Preserve,0,3.300000,000,
"August 6, 2018 at 04:18AM",Lisha Kill Preserve,0,3.300000,000,
"August 6, 2018 at 04:23AM",Lisha Kill Preserve,0,3.300000,000,
"August 6, 2018 at 04:28AM",Lisha Kill Preserve,0,3.300000,000,
"August 6, 2018 at 04:33AM",Lisha Kill Preserve,0,3.300000,000,
"August 6, 2018 at 04:38AM",Lisha Kill Preserve,0,3.300000,000,
"August 6, 2018 at 04:44AM",Lisha Kill Preserve,0,3.300000,000,
"August 6, 2018 at 04:49AM",Lisha Kill Preserve,0,3.300000,000,
"August 6, 2018 at 04:54AM",Lisha Kill Preserve,0,3.300000,000,
"August 6, 2018 at 04:59AM",Lisha Kill Preserve,0,3.300000,000,
"August 6, 2018 at 05:05AM",Lisha Kill Preserve,0,3.300000,000,
"August 6, 2018 at 05:10AM",Lisha Kill Preserve,0,3.300000,000,
"August 6, 2018 at 05:15AM",Lisha Kill Preserve,0,3.300000,000,
"August 6, 2018 at 05:20AM",Lisha Kill Preserve,0,3.300000,000,
"August 6, 2018 at 05:26AM",Lisha Kill Preserve,0,3.300000,000,
"August 6, 2018 at 05:31AM",Lisha Kill Preserve,0,3.300000,000,
"August 6, 2018 at 05:36AM",Lisha Kill Preserve,0,3.300000,000,
"August 6, 2018 at 05:42AM",Lisha Kill Preserve,0,3.300000,000,
"August 6, 2018 at 05:47AM",Lisha Kill Preserve,0,3.300000,000,
"August 6, 2018 at 05:52AM",Lisha Kill Preserve,0,3.300000,000,
"August 6, 2018 at 05:57AM",Lisha Kill Preserve,0,3.300000,000,
"August 6, 2018 at 06:03AM",Lisha Kill Preserve,0,3.300000,000,
"August 6, 2018 at 06:08AM",Lisha Kill Preserve,0,3.300000,000,
"August 6, 2018 at 06:13AM",Lisha Kill Preserve,0,3.300000,000,
"August 6, 2018 at 06:18AM",Lisha Kill Preserve,0,3.300000,000,
"August 6, 2018 at 06:24AM",Lisha Kill Preserve,0,3.300000,000,
"August 6, 2018 at 06:29AM",Lisha Kill Preserve,0,3.300000,000,
"August 6, 2018 at 06:35AM",Lisha Kill Preserve,0,3.300000,000,
"August 6, 2018 at 06:40AM",Lisha Kill Preserve,0,3.300000,000,
"August 6, 2018 at 06:45AM",Lisha Kill Preserve,0,3.300000,000,
"August 6, 2018 at 06:50AM",Lisha Kill Preserve,0,3.300000,000,
"August 6, 2018 at 06:55AM",Lisha Kill Preserve,0,3.300000,000,
"August 6, 2018 at 07:01AM",Lisha Kill Preserve,0,3.300000,000,
"August 6, 2018 at 07:06AM",Lisha Kill Preserve,0,3.300000,000,
"August 6, 2018 at 07:11AM",Lisha Kill Preserve,0,3.300000,000,
"August 6, 2018 at 07:16AM",Lisha Kill Preserve,0,3.300000,000,
"August 6, 2018 at 07:22AM",Lisha Kill Preserve,0,3.300000,000,
"August 6, 2018 at 07:27AM",Lisha Kill Preserve,0,3.300000,000,
"August 6, 2018 at 07:32AM",Lisha Kill Preserve,0,3.300000,000,
"August 6, 2018 at 07:38AM",Lisha Kill Preserve,0,3.300000,000,
"August 6, 2018 at 07:43AM",Lisha Kill Preserve,0,3.300000,000,
"August 6, 2018 at 07:48AM",Lisha Kill Preserve,0,3.300000,000,
"August 6, 2018 at 07:53AM",Lisha Kill Preserve,0,3.300000,000,
"August 6, 2018 at 07:59AM",Lisha Kill Preserve,0,3.300000,000,
"August 6, 2018 at 08:04AM",Lisha Kill Preserve,0,3.300000,000,
"August 6, 2018 at 08:09AM",Lisha Kill Preserve,0,3.300000,000,
"August 6, 2018 at 08:14AM",Lisha Kill Preserve,0,3.300000,000,
"August 6, 2018 at 08:19AM",Lisha Kill Preserve,0,3.300000,000,
"August 6, 2018 at 08:25AM",Lisha Kill Preserve,0,3.300000,000,
"August 6, 2018 at 08:30AM",Lisha Kill Preserve,0,3.300000,000,
"August 6, 2018 at 08:35AM",Lisha Kill Preserve,0,3.300000,000,
"August 6, 2018 at 08:40AM",Lisha Kill Preserve,0,3.300000,000,
"August 6, 2018 at 08:46AM",Lisha Kill Preserve,0,3.300000,000,
"August 6, 2018 at 08:51AM",Lisha Kill Preserve,0,3.300000,000,
"August 6, 2018 at 08:56AM",Lisha Kill Preserve,0,3.300000,000,
"August 6, 2018 at 09:01AM",Lisha Kill Preserve,0,3.300000,000,
"August 6, 2018 at 09:07AM",Lisha Kill Preserve,0,3.300000,000,
"August 6, 2018 at 09:12AM",Lisha Kill Preserve,0,3.300000,000,
"August 6, 2018 at 09:17AM",Lisha Kill Preserve,0,3.300000,000,
"August 6, 2018 at 09:22AM",Lisha Kill Preserve,0,3.300000,000,
"August 6, 2018 at 09:27AM",Lisha Kill Preserve,0,3.300000,000,
"August 6, 2018 at 09:33AM",Lisha Kill Preserve,0,3.300000,000,
"August 6, 2018 at 09:38AM",Lisha Kill Preserve,0,3.300000,000,
"August 6, 2018 at 09:43AM",Lisha Kill Preserve,0,3.300000,000,
"August 6, 2018 at 09:48AM",Lisha Kill Preserve,0,3.300000,000,
"August 6, 2018 at 09:53AM",Lisha Kill Preserve,0,3.300000,000,
"August 6, 2018 at 09:59AM",Lisha Kill Preserve,0,3.300000,000,
"August 6, 2018 at 10:04AM",Lisha Kill Preserve,0,3.300000,000,
"August 6, 2018 at 10:10AM",Lisha Kill Preserve,0,3.300000,000,
"August 6, 2018 at 10:15AM",Lisha Kill Preserve,0,3.300000,000,
"August 6, 2018 at 10:20AM",Lisha Kill Preserve,0,3.300000,000,
"August 6, 2018 at 10:26AM",Lisha Kill Preserve,0,3.300000,000,
"August 6, 2018 at 10:31AM",Lisha Kill Preserve,0,3.300000,000,
"August 6, 2018 at 10:36AM",Lisha Kill Preserve,0,3.300000,000,
"August 6, 2018 at 10:41AM",Lisha Kill Preserve,0,3.300000,000,
"August 6, 2018 at 10:47AM",Lisha Kill Preserve,0,3.300000,000,
"August 6, 2018 at 10:52AM",Lisha Kill Preserve,0,3.300000,000,
"August 6, 2018 at 10:57AM",Lisha Kill Preserve,0,3.300000,000,
"August 6, 2018 at 11:08AM",Lisha Kill Preserve,0,3.300000,000,
"August 6, 2018 at 11:13AM",Lisha Kill Preserve,0,3.300000,000,
"August 6, 2018 at 11:18AM",Lisha Kill Preserve,0,3.300000,000,
"August 6, 2018 at 11:24AM",Lisha Kill Preserve,0,3.300000,000,
"August 6, 2018 at 11:29AM",Lisha Kill Preserve,0,3.300000,000,
"August 6, 2018 at 11:39AM",Lisha Kill Preserve,0,3.300000,000,
"August 6, 2018 at 11:45AM",Lisha Kill Preserve,0,3.300000,000,
"August 6, 2018 at 11:50AM",Lisha Kill Preserve,0,3.300000,000,
"August 6, 2018 at 11:55AM",Lisha Kill Preserve,0,3.300000,000,
"August 6, 2018 at 12:01PM",Lisha Kill Preserve,0,3.300000,000,
"August 6, 2018 at 12:06PM",Lisha Kill Preserve,0,3.300000,000,
"August 6, 2018 at 12:11PM",Lisha Kill Preserve,0,3.300000,000,
"August 6, 2018 at 12:16PM",Lisha Kill Preserve,0,3.300000,000,
"August 6, 2018 at 12:21PM",Lisha Kill Preserve,0,3.300000,000,
"August 6, 2018 at 12:27PM",Lisha Kill Preserve,0,3.300000,000,
"August 6, 2018 at 12:32PM",Lisha Kill Preserve,0,3.300000,000,
"August 6, 2018 at 12:37PM",Lisha Kill Preserve,0,3.300000,000,
"August 6, 2018 at 12:43PM",Lisha Kill Preserve,0,3.300000,000,
"August 6, 2018 at 12:48PM",Lisha Kill Preserve,0,3.300000,000,
"August 6, 2018 at 12:53PM",Lisha Kill Preserve,0,3.300000,000,
"August 6, 2018 at 12:59PM",Lisha Kill Preserve,0,3.300000,000,
"August 6, 2018 at 01:04PM",Lisha Kill Preserve,0,3.300000,000,
"August 6, 2018 at 01:09PM",Lisha Kill Preserve,0,3.300000,000,
"August 6, 2018 at 01:14PM",Lisha Kill Preserve,0,3.300000,000,
"August 6, 2018 at 01:19PM",Lisha Kill Preserve,0,3.300000,000,
"August 6, 2018 at 01:25PM",Lisha Kill Preserve,0,3.300000,000,
"August 6, 2018 at 01:30PM",Lisha Kill Preserve,0,3.300000,000,
"August 6, 2018 at 01:35PM",Lisha Kill Preserve,0,3.300000,000,
"August 6, 2018 at 01:40PM",Lisha Kill Preserve,0,3.300000,000,
"August 6, 2018 at 01:46PM",Lisha Kill Preserve,0,3.300000,000,
"August 6, 2018 at 01:51PM",Lisha Kill Preserve,0,3.300000,000,
"August 6, 2018 at 01:56PM",Lisha Kill Preserve,0,3.300000,000,
"August 6, 2018 at 02:01PM",Lisha Kill Preserve,0,3.300000,000,
"August 6, 2018 at 02:12PM",Lisha Kill Preserve,0,3.300000,000,
"August 6, 2018 at 02:17PM",Lisha Kill Preserve,0,3.300000,000,
"August 6, 2018 at 02:22PM",Lisha Kill Preserve,0,3.300000,000,
"August 6, 2018 at 02:22PM",Lisha Kill Preserve,0,3.300000,000,
"August 6, 2018 at 02:26PM",Lisha Kill Preserve,0,2.835824,000,
"August 6, 2018 at 02:27PM",Lisha Kill Preserve,0,3.300000,000,
"August 6, 2018 at 02:28PM",Lisha Kill Preserve,0,2.869670,000,
"August 6, 2018 at 02:30PM",Lisha Kill Preserve,0,2.877729,000,
"August 6, 2018 at 02:30PM",Lisha Kill Preserve,1,2.872894,000,
"August 6, 2018 at 02:31PM",Lisha Kill Preserve,0,2.878535,000,
"August 6, 2018 at 02:32PM",Lisha Kill Preserve,0,2.877729,000,
"August 6, 2018 at 02:32PM",Lisha Kill Preserve,0,3.300000,000,
"August 6, 2018 at 02:33PM",Lisha Kill Preserve,5,2.894652,000,
"August 6, 2018 at 02:33PM",Lisha Kill Preserve,2,3.109011,000,
"August 6, 2018 at 02:34PM",Lisha Kill Preserve,0,2.894652,000,
"August 6, 2018 at 02:35PM",Lisha Kill Preserve,0,3.300000,000,
"August 6, 2018 at 02:35PM",Lisha Kill Preserve,113,2.883370,000,
"August 6, 2018 at 02:35PM",Lisha Kill Preserve,113,2.886593,000,
"August 6, 2018 at 02:36PM",Lisha Kill Preserve,17,2.892234,000,
"August 6, 2018 at 02:36PM",Lisha Kill Preserve,104,3.300000,000,
"August 6, 2018 at 02:37PM",Lisha Kill Preserve,0,2.894652,000,
"August 6, 2018 at 02:38PM",Lisha Kill Preserve,0,3.237949,000,
"August 6, 2018 at 02:39PM",Lisha Kill Preserve,92,2.891428,000,
"August 6, 2018 at 02:40PM",Lisha Kill Preserve,0,2.976044,000,
"August 6, 2018 at 02:40PM",Lisha Kill Preserve,2,2.896264,000,
"August 6, 2018 at 02:41PM",Lisha Kill Preserve,0,2.986520,000,
"August 6, 2018 at 02:41PM",Lisha Kill Preserve,809,2.906740,000,
"August 6, 2018 at 02:42PM",Lisha Kill Preserve,0,2.907546,000,
"August 6, 2018 at 02:43PM",Lisha Kill Preserve,0,2.907546,000,
"August 6, 2018 at 02:43PM",Lisha Kill Preserve,0,2.886593,000,
"August 6, 2018 at 02:44PM",Lisha Kill Preserve,4,2.966374,000,
"August 6, 2018 at 02:44PM",Lisha Kill Preserve,137,2.889817,000,
"August 6, 2018 at 02:44PM",Lisha Kill Preserve,134,2.889011,000,
"August 6, 2018 at 03:00PM",Lisha Kill Preserve,0,3.300000,000,
"August 6, 2018 at 03:01PM",Lisha Kill Preserve,0,3.300000,000,
"August 6, 2018 at 03:01PM",Lisha Kill Preserve,68,3.300000,000,
"August 6, 2018 at 03:02PM",Lisha Kill Preserve,144,3.300000,000,
"August 6, 2018 at 03:02PM",Lisha Kill Preserve,63,3.300000,000,
"August 6, 2018 at 03:03PM",Lisha Kill Preserve,32,3.300000,000,
"August 6, 2018 at 03:04PM",Lisha Kill Preserve,0,3.300000,000,
"August 6, 2018 at 03:04PM",Lisha Kill Preserve,21,3.300000,000,
"August 6, 2018 at 03:05PM",Lisha Kill Preserve,0,3.300000,000,
"August 6, 2018 at 03:05PM",Lisha Kill Preserve,0,3.300000,000,
"August 6, 2018 at 03:06PM",Lisha Kill Preserve,0,3.300000,000,
"August 6, 2018 at 03:07PM",Lisha Kill Preserve,115,3.300000,000,
"August 6, 2018 at 03:07PM",Lisha Kill Preserve,108,3.300000,000,
"August 6, 2018 at 03:07PM",Lisha Kill Preserve,88,3.300000,000,
"August 6, 2018 at 03:07PM",Lisha Kill Preserve,128,3.300000,000,
"August 6, 2018 at 03:08PM",Lisha Kill Preserve,0,3.300000,000,
"August 6, 2018 at 03:09PM",Lisha Kill Preserve,42,3.300000,000,
"August 6, 2018 at 03:09PM",Lisha Kill Preserve,14,3.300000,000,
"August 6, 2018 at 03:10PM",Lisha Kill Preserve,0,3.300000,000,
"August 6, 2018 at 03:10PM",Lisha Kill Preserve,17,3.300000,000,
"August 6, 2018 at 03:10PM",Lisha Kill Preserve,18,3.300000,000,
"August 6, 2018 at 03:10PM",Lisha Kill Preserve,39,3.300000,000,
"August 6, 2018 at 03:11PM",Lisha Kill Preserve,39,3.300000,000,
"August 6, 2018 at 03:11PM",Lisha Kill Preserve,37,3.300000,000,
"August 6, 2018 at 03:11PM",Lisha Kill Preserve,34,3.300000,000,
"August 6, 2018 at 03:12PM",Lisha Kill Preserve,830,3.300000,000,
"August 6, 2018 at 03:13PM",Lisha Kill Preserve,0,3.300000,000,
"August 6, 2018 at 03:13PM",Lisha Kill Preserve,0,3.300000,000,
"August 6, 2018 at 03:14PM",Lisha Kill Preserve,30,3.300000,000,
"August 6, 2018 at 03:15PM",Lisha Kill Preserve,0,3.300000,000,
"August 6, 2018 at 03:16PM",Lisha Kill Preserve,825,3.300000,000,
"August 6, 2018 at 03:17PM",Lisha Kill Preserve,0,3.300000,000,
"August 6, 2018 at 03:17PM",Lisha Kill Preserve,626,3.300000,000,
"August 6, 2018 at 03:18PM",Lisha Kill Preserve,0,3.300000,000,
"August 6, 2018 at 03:19PM",Lisha Kill Preserve,38,3.300000,000,
"August 6, 2018 at 03:19PM",Lisha Kill Preserve,38,3.300000,000,
"August 6, 2018 at 03:19PM",Lisha Kill Preserve,847,3.300000,000,
"August 6, 2018 at 03:20PM",Lisha Kill Preserve,0,3.300000,000,
"August 6, 2018 at 03:21PM",Lisha Kill Preserve,0,3.300000,000,
"August 6, 2018 at 03:21PM",Lisha Kill Preserve,19,3.300000,000,
"August 6, 2018 at 03:21PM",Lisha Kill Preserve,14,3.300000,000,
"August 6, 2018 at 03:22PM",Lisha Kill Preserve,25,3.300000,000,
"August 6, 2018 at 03:22PM",Lisha Kill Preserve,30,3.300000,000,
"August 6, 2018 at 03:23PM",Lisha Kill Preserve,0,3.300000,000,
"August 6, 2018 at 03:23PM",Lisha Kill Preserve,0,3.300000,000,
"August 6, 2018 at 03:24PM",Lisha Kill Preserve,1,3.300000,000,
"August 6, 2018 at 03:24PM",Lisha Kill Preserve,4968,3.300000,000,
"August 6, 2018 at 03:24PM",Lisha Kill Preserve,3735,3.300000,000,
"August 6, 2018 at 03:25PM",Lisha Kill Preserve,2278,3.300000,000,
"August 6, 2018 at 03:26PM",Lisha Kill Preserve,2,3.300000,000,
"August 6, 2018 at 03:26PM",Lisha Kill Preserve,0,3.300000,000,
"August 6, 2018 at 03:27PM",Lisha Kill Preserve,875,3.300000,000,
"August 6, 2018 at 03:27PM",Lisha Kill Preserve,56,3.300000,000,
"August 6, 2018 at 03:28PM",Lisha Kill Preserve,96,3.300000,000,
"August 6, 2018 at 03:28PM",Lisha Kill Preserve,0,3.300000,000,
"August 6, 2018 at 03:29PM",Lisha Kill Preserve,40,3.300000,000,
"August 6, 2018 at 03:29PM",Lisha Kill Preserve,9,3.300000,000,
"August 6, 2018 at 03:30PM",Lisha Kill Preserve,0,3.300000,000,
"August 6, 2018 at 03:31PM",Lisha Kill Preserve,0,3.300000,000,
"August 6, 2018 at 03:31PM",Lisha Kill Preserve,12,3.300000,000,
"August 6, 2018 at 03:32PM",Lisha Kill Preserve,45,3.300000,000,
"August 6, 2018 at 03:32PM",Lisha Kill Preserve,3,3.300000,000,
"August 6, 2018 at 03:33PM",Lisha Kill Preserve,0,3.300000,000,
"August 6, 2018 at 03:33PM",Lisha Kill Preserve,0,3.300000,000,
"August 6, 2018 at 03:33PM",Lisha Kill Preserve,841,3.300000,000,
"August 6, 2018 at 03:34PM",Lisha Kill Preserve,4,3.300000,000,
"August 6, 2018 at 03:35PM",Lisha Kill Preserve,0,3.300000,000,
"August 6, 2018 at 03:35PM",Lisha Kill Preserve,134,3.300000,000,
"August 6, 2018 at 03:35PM",Lisha Kill Preserve,113,3.300000,000,
"August 6, 2018 at 03:35PM",Lisha Kill Preserve,131,3.300000,000,
"August 6, 2018 at 03:36PM",Lisha Kill Preserve,136,3.300000,000,
"August 6, 2018 at 03:36PM",Lisha Kill Preserve,0,3.300000,000,
"August 6, 2018 at 03:36PM",Lisha Kill Preserve,365,3.300000,000,
"August 6, 2018 at 03:37PM",Lisha Kill Preserve,1292,3.300000,000,
"August 6, 2018 at 03:38PM",Lisha Kill Preserve,836,3.300000,000,
"August 6, 2018 at 03:38PM",Lisha Kill Preserve,455,3.300000,000,
"August 6, 2018 at 03:38PM",Lisha Kill Preserve,42,3.300000,000,
"August 6, 2018 at 03:39PM",Lisha Kill Preserve,872,3.300000,000,
"August 6, 2018 at 03:40PM",Lisha Kill Preserve,0,3.300000,000,
"August 6, 2018 at 03:41PM",Lisha Kill Preserve,0,3.300000,000,
"August 6, 2018 at 03:41PM",Lisha Kill Preserve,0,3.300000,000,
"August 6, 2018 at 03:42PM",Lisha Kill Preserve,0,3.300000,000,
"August 6, 2018 at 03:42PM",Lisha Kill Preserve,0,3.300000,000,
"August 6, 2018 at 03:43PM",Lisha Kill Preserve,0,3.300000,000,
"August 6, 2018 at 03:43PM",Lisha Kill Preserve,0,3.300000,000,
"August 6, 2018 at 03:44PM",Lisha Kill Preserve,4,3.300000,000,
"August 6, 2018 at 03:44PM",Lisha Kill Preserve,0,3.300000,000,
"August 6, 2018 at 03:45PM",Lisha Kill Preserve,26,3.300000,000,
"August 6, 2018 at 03:45PM",Lisha Kill Preserve,137,3.300000,000,
"August 6, 2018 at 03:45PM",Lisha Kill Preserve,100,3.300000,000,
"August 6, 2018 at 03:45PM",Lisha Kill Preserve,136,3.300000,000,
"August 6, 2018 at 03:46PM",Lisha Kill Preserve,136,3.300000,000,
"August 6, 2018 at 03:46PM",Lisha Kill Preserve,136,2.882564,000,
"August 6, 2018 at 03:46PM",Lisha Kill Preserve,18,3.239560,000,
"August 6, 2018 at 03:47PM",Lisha Kill Preserve,27,3.300000,000,
"August 6, 2018 at 03:47PM",Lisha Kill Preserve,0,3.300000,000,
"August 6, 2018 at 03:48PM",Lisha Kill Preserve,0,3.300000,000,
"August 6, 2018 at 03:49PM",Lisha Kill Preserve,0,3.300000,000,
"August 6, 2018 at 03:50PM",Lisha Kill Preserve,0,3.300000,000,
"August 6, 2018 at 03:51PM",Lisha Kill Preserve,0,3.300000,000,
"August 6, 2018 at 03:51PM",Lisha Kill Preserve,0,3.300000,000,
"August 6, 2018 at 03:52PM",Lisha Kill Preserve,0,3.300000,000,
"August 6, 2018 at 03:53PM",Lisha Kill Preserve,0,3.300000,000,
"August 6, 2018 at 03:53PM",Lisha Kill Preserve,0,3.300000,000,
"August 6, 2018 at 03:54PM",Lisha Kill Preserve,0,3.300000,000,
"August 6, 2018 at 03:54PM",Lisha Kill Preserve,0,3.300000,000,
"August 6, 2018 at 03:55PM",Lisha Kill Preserve,0,3.300000,000,
"August 6, 2018 at 03:56PM",Lisha Kill Preserve,0,3.300000,000,
"August 6, 2018 at 03:57PM",Lisha Kill Preserve,0,3.300000,000,
"August 6, 2018 at 03:58PM",Lisha Kill Preserve,0,3.300000,000,
"August 6, 2018 at 03:59PM",Lisha Kill Preserve,0,3.300000,000,
"August 6, 2018 at 04:00PM",Lisha Kill Preserve,0,3.300000,000,
"August 6, 2018 at 04:00PM",Lisha Kill Preserve,0,3.300000,000,
"August 6, 2018 at 04:01PM",Lisha Kill Preserve,0,3.300000,000,
"August 6, 2018 at 04:02PM",Lisha Kill Preserve,0,3.300000,000,
"August 6, 2018 at 04:03PM",Lisha Kill Preserve,0,3.300000,000,
"August 6, 2018 at 04:03PM",Lisha Kill Preserve,0,3.300000,000,
"August 6, 2018 at 04:04PM",Lisha Kill Preserve,0,3.300000,000,
"August 6, 2018 at 04:04PM",Lisha Kill Preserve,0,3.300000,000,
"August 6, 2018 at 04:05PM",Lisha Kill Preserve,0,3.300000,000,
"August 6, 2018 at 04:05PM",Lisha Kill Preserve,0,3.300000,000,
"August 6, 2018 at 04:06PM",Lisha Kill Preserve,0,3.300000,000,
"August 6, 2018 at 04:07PM",Lisha Kill Preserve,0,3.300000,000,
"August 6, 2018 at 04:07PM",Lisha Kill Preserve,0,3.300000,000,
"August 6, 2018 at 04:08PM",Lisha Kill Preserve,0,3.300000,000,
"August 6, 2018 at 04:09PM",Lisha Kill Preserve,0,3.300000,000,
"August 6, 2018 at 04:11PM",Lisha Kill Preserve,0,3.300000,000,
"August 6, 2018 at 04:12PM",Lisha Kill Preserve,0,3.300000,000,
"August 6, 2018 at 04:12PM",Lisha Kill Preserve,0,3.300000,000,
"August 6, 2018 at 04:13PM",Lisha Kill Preserve,0,3.300000,000,
"August 6, 2018 at 04:14PM",Lisha Kill Preserve,0,3.300000,000,
"August 6, 2018 at 04:14PM",Lisha Kill Preserve,0,3.300000,000,
"August 6, 2018 at 04:16PM",Lisha Kill Preserve,0,3.300000,000,
"August 6, 2018 at 04:16PM",Lisha Kill Preserve,0,3.300000,000,
"August 6, 2018 at 04:17PM",Lisha Kill Preserve,0,3.300000,000,
"August 6, 2018 at 04:17PM",Lisha Kill Preserve,0,3.300000,000,
"August 6, 2018 at 04:18PM",Lisha Kill Preserve,0,3.300000,000,
"August 6, 2018 at 04:18PM",Lisha Kill Preserve,0,3.300000,000,
"August 6, 2018 at 04:19PM",Lisha Kill Preserve,0,3.300000,000,
"August 6, 2018 at 04:20PM",Lisha Kill Preserve,0,3.300000,000,
"August 6, 2018 at 04:21PM",Lisha Kill Preserve,0,3.300000,000,
"August 6, 2018 at 04:21PM",Lisha Kill Preserve,0,3.300000,000,
"August 6, 2018 at 04:22PM",Lisha Kill Preserve,0,3.300000,000,
"August 6, 2018 at 04:23PM",Lisha Kill Preserve,0,3.300000,000,
"August 6, 2018 at 04:24PM",Lisha Kill Preserve,0,3.300000,000,
"August 6, 2018 at 04:24PM",Lisha Kill Preserve,0,3.300000,000,
"August 6, 2018 at 04:25PM",Lisha Kill Preserve,0,3.300000,000,
"August 6, 2018 at 04:26PM",Lisha Kill Preserve,0,3.300000,000,
"August 6, 2018 at 04:27PM",Lisha Kill Preserve,0,3.300000,000,
"August 6, 2018 at 04:28PM",Lisha Kill Preserve,0,3.300000,000,
"August 6, 2018 at 04:29PM",Lisha Kill Preserve,0,3.300000,000,
"August 6, 2018 at 04:30PM",Lisha Kill Preserve,0,3.300000,000,
"August 6, 2018 at 04:33PM",Lisha Kill Preserve,0,3.300000,000,
"August 6, 2018 at 04:36PM",Lisha Kill Preserve,539,3.300000,000,
"August 6, 2018 at 04:37PM",Lisha Kill Preserve,0,3.300000,000,
"August 6, 2018 at 04:39PM",Lisha Kill Preserve,0,3.120293,000,
"August 6, 2018 at 04:42PM",Lisha Kill Preserve,6,3.121905,000,
"August 6, 2018 at 04:43PM",Lisha Kill Preserve,0,3.122711,000,
"August 6, 2018 at 04:43PM",Lisha Kill Preserve,0,3.121099,000,
"August 6, 2018 at 04:46PM",Lisha Kill Preserve,2,3.121099,000,
"August 6, 2018 at 04:47PM",Lisha Kill Preserve,4,3.121905,000,
"August 6, 2018 at 04:47PM",Lisha Kill Preserve,0,3.121905,000,
"August 6, 2018 at 04:49PM",Lisha Kill Preserve,0,3.121905,000,
"August 6, 2018 at 04:49PM",Lisha Kill Preserve,5,3.121099,000,
"August 6, 2018 at 04:50PM",Lisha Kill Preserve,0,3.120293,000,
"August 6, 2018 at 04:52PM",Lisha Kill Preserve,0,3.119487,000,
"August 6, 2018 at 04:52PM",Lisha Kill Preserve,0,3.121905,000,
"August 6, 2018 at 04:53PM",Lisha Kill Preserve,2,3.122711,000,
"August 6, 2018 at 04:53PM",Lisha Kill Preserve,0,3.119487,000,
"August 6, 2018 at 04:54PM",Lisha Kill Preserve,0,3.123517,000,
"August 6, 2018 at 04:55PM",Lisha Kill Preserve,0,3.119487,000,
"August 6, 2018 at 04:55PM",Lisha Kill Preserve,0,3.119487,000,
"August 6, 2018 at 04:55PM",Lisha Kill Preserve,0,3.123517,000,
"August 6, 2018 at 04:57PM",Lisha Kill Preserve,14,3.121905,000,
"August 6, 2018 at 04:59PM",Lisha Kill Preserve,0,3.122711,000,
"August 6, 2018 at 05:00PM",Lisha Kill Preserve,3292,3.118681,000,
"August 6, 2018 at 05:00PM",Lisha Kill Preserve,0,3.121905,000,
"August 6, 2018 at 05:01PM",Lisha Kill Preserve,0,3.122711,000,
"August 6, 2018 at 05:01PM",Lisha Kill Preserve,0,3.121099,000,
"August 6, 2018 at 05:01PM",Lisha Kill Preserve,0,3.118681,000,
"August 6, 2018 at 05:02PM",Lisha Kill Preserve,0,3.119487,000,
"August 6, 2018 at 05:02PM",Lisha Kill Preserve,0,3.122711,000,
"August 6, 2018 at 05:03PM",Lisha Kill Preserve,0,3.120293,000,
"August 6, 2018 at 05:04PM",Lisha Kill Preserve,0,3.121099,000,
"August 6, 2018 at 05:04PM",Lisha Kill Preserve,0,3.123517,000,
"August 6, 2018 at 05:04PM",Lisha Kill Preserve,0,3.121099,000,
"August 6, 2018 at 05:04PM",Lisha Kill Preserve,0,3.122711,000,
"August 6, 2018 at 05:05PM",Lisha Kill Preserve,0,3.121905,000,
"August 6, 2018 at 05:05PM",Lisha Kill Preserve,0,3.123517,000,
"August 6, 2018 at 05:05PM",Lisha Kill Preserve,0,3.119487,000,
"August 6, 2018 at 05:05PM",Lisha Kill Preserve,0,3.121099,000,
"August 6, 2018 at 05:13PM",Lisha Kill Preserve,0,3.121099,3158065,
"August 6, 2018 at 05:14PM",Lisha Kill Preserve,0,3.122711,3158065,
"August 6, 2018 at 05:14PM",Lisha Kill Preserve,0,3.119487,3158065,
"August 6, 2018 at 05:15PM",Lisha Kill Preserve,0,3.119487,3158065,
"August 6, 2018 at 05:15PM",Lisha Kill Preserve,0,3.117876,3158065,
"August 6, 2018 at 05:16PM",Lisha Kill Preserve,0,3.118681,3158065,
"August 6, 2018 at 05:16PM",Lisha Kill Preserve,0,3.118681,3158065,
"August 6, 2018 at 05:17PM",Lisha Kill Preserve,0,3.120293,3158065,
"August 6, 2018 at 05:17PM",Lisha Kill Preserve,0,3.122711,3158065,
"August 6, 2018 at 05:18PM",Lisha Kill Preserve,0,3.117876,3158065,
"August 6, 2018 at 05:19PM",Lisha Kill Preserve,0,3.118681,3158065,
"August 6, 2018 at 05:20PM",Lisha Kill Preserve,0,3.119487,001,
"August 6, 2018 at 05:20PM",Lisha Kill Preserve,0,3.119487,001,
"August 6, 2018 at 05:20PM",Lisha Kill Preserve,0,3.120293,001,
"August 6, 2018 at 05:21PM",Lisha Kill Preserve,0,3.122711,001,
"August 6, 2018 at 05:21PM",Lisha Kill Preserve,0,3.118681,001,
"August 6, 2018 at 05:22PM",Lisha Kill Preserve,0,3.118681,001,
"August 6, 2018 at 05:22PM",Lisha Kill Preserve,0,3.121905,001,
"August 6, 2018 at 05:23PM",Lisha Kill Preserve,0,3.117876,001,
"August 6, 2018 at 05:24PM",Lisha Kill Preserve,0,3.117876,001,
"August 6, 2018 at 05:24PM",Lisha Kill Preserve,0,3.121905,001,
"August 6, 2018 at 05:25PM",Lisha Kill Preserve,0,3.121099,000,
"August 6, 2018 at 05:25PM",Lisha Kill Preserve,0,3.121905,000,
"August 6, 2018 at 05:25PM",Lisha Kill Preserve,0,3.118681,000,
"August 6, 2018 at 05:25PM",Lisha Kill Preserve,0,3.118681,000,
"August 6, 2018 at 05:26PM",Lisha Kill Preserve,0,3.121099,000,
"August 6, 2018 at 05:26PM",Lisha Kill Preserve,0,3.122711,000,
"August 6, 2018 at 05:26PM",Lisha Kill Preserve,0,3.119487,000,
"August 6, 2018 at 05:26PM",Lisha Kill Preserve,0,3.118681,000,
"August 6, 2018 at 05:27PM",Lisha Kill Preserve,0,3.119487,000,
"August 6, 2018 at 05:27PM",Lisha Kill Preserve,0,3.117876,000,
"August 6, 2018 at 05:27PM",Lisha Kill Preserve,0,3.119487,000,
"August 6, 2018 at 05:28PM",Lisha Kill Preserve,0,3.119487,000,
"August 6, 2018 at 05:28PM",Lisha Kill Preserve,0,3.119487,000,
"August 6, 2018 at 05:28PM",Lisha Kill Preserve,0,3.118681,000,
"August 6, 2018 at 05:28PM",Lisha Kill Preserve,0,3.121099,000,
"August 6, 2018 at 05:28PM",Lisha Kill Preserve,0,3.122711,000,
"August 6, 2018 at 05:29PM",Lisha Kill Preserve,0,3.118681,000,
"August 6, 2018 at 05:29PM",Lisha Kill Preserve,0,3.120293,000,
"August 6, 2018 at 05:29PM",Lisha Kill Preserve,0,3.118681,000,
"August 6, 2018 at 05:30PM",Lisha Kill Preserve,0,3.117069,000,
"August 6, 2018 at 05:30PM",Lisha Kill Preserve,0,3.118681,000,
"August 6, 2018 at 05:30PM",Lisha Kill Preserve,0,3.118681,000,
"August 6, 2018 at 05:30PM",Lisha Kill Preserve,0,3.121905,000,
"August 6, 2018 at 05:30PM",Lisha Kill Preserve,0,3.121099,000,
"August 6, 2018 at 05:30PM",Lisha Kill Preserve,0,3.117876,000,
"August 6, 2018 at 05:31PM",Lisha Kill Preserve,0,3.122711,000,
"August 6, 2018 at 05:31PM",Lisha Kill Preserve,0,3.119487,000,
"August 6, 2018 at 05:37PM",Lisha Kill Preserve,0,3.122711,000,
"August 6, 2018 at 05:38PM",Lisha Kill Preserve,0,3.119487,000,
"August 6, 2018 at 05:38PM",Lisha Kill Preserve,0,3.117876,000,
"August 6, 2018 at 05:38PM",Lisha Kill Preserve,0,3.119487,000,
"August 6, 2018 at 05:38PM",Lisha Kill Preserve,0,3.121099,000,
"August 6, 2018 at 05:39PM",Lisha Kill Preserve,0,3.121905,000,
"August 6, 2018 at 05:39PM",Lisha Kill Preserve,10,3.121099,000,
"August 6, 2018 at 05:39PM",Lisha Kill Preserve,10,3.121905,000,
"August 6, 2018 at 05:39PM",Lisha Kill Preserve,10,3.122711,000,
"August 6, 2018 at 05:39PM",Lisha Kill Preserve,10,3.122711,000,
"August 6, 2018 at 05:40PM",Lisha Kill Preserve,10,3.117876,000,
"August 6, 2018 at 05:40PM",Lisha Kill Preserve,10,3.119487,000,
"August 6, 2018 at 05:40PM",Lisha Kill Preserve,10,3.118681,000,
"August 6, 2018 at 05:40PM",Lisha Kill Preserve,10,3.121099,000,
"August 6, 2018 at 05:40PM",Lisha Kill Preserve,10,3.122711,000,
"August 6, 2018 at 05:41PM",Lisha Kill Preserve,0,3.122711,000,
"August 6, 2018 at 05:42PM",Lisha Kill Preserve,0,3.117876,000,
"August 6, 2018 at 05:42PM",Lisha Kill Preserve,0,3.120293,000,
"August 6, 2018 at 05:42PM",Lisha Kill Preserve,0,3.122711,000,
"August 6, 2018 at 05:42PM",Lisha Kill Preserve,0,3.122711,000,
"August 6, 2018 at 05:42PM",Lisha Kill Preserve,0,3.118681,000,
"August 6, 2018 at 05:43PM",Lisha Kill Preserve,0,3.122711,000,
"August 6, 2018 at 05:43PM",Lisha Kill Preserve,0,3.122711,000,
"August 6, 2018 at 05:43PM",Lisha Kill Preserve,0,3.118681,000,
"August 6, 2018 at 05:43PM",Lisha Kill Preserve,0,3.122711,000,
"August 6, 2018 at 05:44PM",Lisha Kill Preserve,,3.118681,000,
"August 6, 2018 at 05:44PM",Lisha Kill Preserve,,3.122711,000,
"August 6, 2018 at 05:45PM",Lisha Kill Preserve,,3.120293,000,
"August 6, 2018 at 05:45PM",Lisha Kill Preserve,,3.119487,000,
"August 6, 2018 at 05:45PM",Lisha Kill Preserve,,3.122711,000,
"August 6, 2018 at 05:45PM",Lisha Kill Preserve,,3.121905,000,
"August 6, 2018 at 05:45PM",Lisha Kill Preserve,,3.121099,000,
"August 6, 2018 at 05:46PM",Lisha Kill Preserve,,3.118681,000,
"August 6, 2018 at 05:46PM",Lisha Kill Preserve,0,3.120293,000,
"August 6, 2018 at 05:46PM",Lisha Kill Preserve,0,3.120293,000,
"August 6, 2018 at 05:47PM",Lisha Kill Preserve,0,3.117876,000,
"August 6, 2018 at 05:47PM",Lisha Kill Preserve,0,3.121099,000,
"August 6, 2018 at 05:47PM",Lisha Kill Preserve,0,3.123517,000,
"August 6, 2018 at 05:47PM",Lisha Kill Preserve,0,3.119487,000,
"August 6, 2018 at 05:48PM",Lisha Kill Preserve,0,3.118681,000,
"August 6, 2018 at 05:48PM",Lisha Kill Preserve,0,3.122711,000,
"August 6, 2018 at 05:49PM",Lisha Kill Preserve,0,3.122711,000,
"August 6, 2018 at 05:49PM",Lisha Kill Preserve,0,3.121905,000,
"August 6, 2018 at 05:49PM",Lisha Kill Preserve,0,3.119487,000,
"August 6, 2018 at 05:50PM",Lisha Kill Preserve,0,3.119487,000,
"August 6, 2018 at 05:50PM",Lisha Kill Preserve,0,3.120293,000,
"August 6, 2018 at 05:50PM",Lisha Kill Preserve,0,3.119487,000,
"August 6, 2018 at 05:52PM",Lisha Kill Preserve,8,3.118681,000,
"August 6, 2018 at 05:52PM",Lisha Kill Preserve,8,3.121099,000,
"August 6, 2018 at 05:53PM",Lisha Kill Preserve,8,3.119487,000,
"August 6, 2018 at 05:53PM",Lisha Kill Preserve,8,3.117069,000,
"August 6, 2018 at 05:53PM",Lisha Kill Preserve,8,3.117876,000,
"August 6, 2018 at 05:53PM",Lisha Kill Preserve,8,3.122711,000,
"August 6, 2018 at 05:54PM",Lisha Kill Preserve,11,3.122711,000,
"August 6, 2018 at 05:54PM",Lisha Kill Preserve,13,3.120293,000,
"August 6, 2018 at 05:57PM",Lisha Kill Preserve,0,3.121905,001,
"August 6, 2018 at 05:59PM",Lisha Kill Preserve,0,3.122711,001,
"August 6, 2018 at 06:00PM",Lisha Kill Preserve,0,3.122711,001,
"August 6, 2018 at 06:00PM",Lisha Kill Preserve,11,3.121905,000,
"August 6, 2018 at 06:18PM",Lisha Kill Preserve,144,3.123517,000,
"August 6, 2018 at 06:19PM",Lisha Kill Preserve,105,3.122711,000,
"August 6, 2018 at 06:19PM",Lisha Kill Preserve,93,3.122711,000,
"August 6, 2018 at 06:19PM",Lisha Kill Preserve,107,3.122711,000,
"August 6, 2018 at 06:19PM",Lisha Kill Preserve,110,3.121905,000,
"August 6, 2018 at 06:19PM",Lisha Kill Preserve,130,3.122711,000,
"August 6, 2018 at 06:20PM",Lisha Kill Preserve,47,3.124322,001,
"August 6, 2018 at 06:20PM",Lisha Kill Preserve,127,3.122711,000,
"August 6, 2018 at 06:21PM",Lisha Kill Preserve,125,3.122711,000,
"August 6, 2018 at 06:21PM",Lisha Kill Preserve,68,3.121099,001,
"August 6, 2018 at 06:21PM",Lisha Kill Preserve,128,3.124322,000,
"August 6, 2018 at 06:22PM",Lisha Kill Preserve,127,3.124322,000,
"August 6, 2018 at 06:22PM",Lisha Kill Preserve,121,3.121099,000,
"August 6, 2018 at 06:22PM",Lisha Kill Preserve,126,3.123517,000,
"August 6, 2018 at 06:23PM",Lisha Kill Preserve,6,3.121905,000,
"August 6, 2018 at 06:46PM",Lisha Kill Preserve,4,3.122711,001,
"August 6, 2018 at 06:47PM",Lisha Kill Preserve,8,3.121905,001,
"August 6, 2018 at 06:47PM",Lisha Kill Preserve,8,3.122711,001,
"August 6, 2018 at 06:48PM",Lisha Kill Preserve,7,3.122711,001,
"August 6, 2018 at 06:49PM",Lisha Kill Preserve,8,3.122711,001,
"August 6, 2018 at 06:50PM",Lisha Kill Preserve,4,3.123517,001,
"August 6, 2018 at 06:51PM",Lisha Kill Preserve,6,3.122711,001,
"August 6, 2018 at 06:52PM",Lisha Kill Preserve,14,3.121099,001,
"August 6, 2018 at 06:53PM",Lisha Kill Preserve,9,3.122711,001,
"August 6, 2018 at 06:53PM",Lisha Kill Preserve,6,3.124322,001,
"August 6, 2018 at 06:54PM",Lisha Kill Preserve,10,3.121905,001,
"August 6, 2018 at 11:24PM",Lisha Kill Preserve,111,3.121905,001,
"August 6, 2018 at 11:24PM",Lisha Kill Preserve,144,3.121905,000,
"August 6, 2018 at 11:24PM",Lisha Kill Preserve,163,3.121905,000,
"August 6, 2018 at 11:25PM",Lisha Kill Preserve,145,3.121099,000,
"August 6, 2018 at 11:26PM",Lisha Kill Preserve,11,3.142857,000,
"August 6, 2018 at 11:29PM",Lisha Kill Preserve,14,3.146886,000,
"August 6, 2018 at 11:30PM",Lisha Kill Preserve,15,3.148498,000,
